age,children,sex,smoker,region,bmi,charges
19.0,0.0,0.0,1.0,3.0,0.32122678,0.25161076
18.0,1.0,1.0,0.0,2.0,0.47914982,0.0096359495
28.0,3.0,1.0,0.0,2.0,0.45843416,0.05311516
33.0,0.0,1.0,0.0,1.0,0.18146354,0.33301002
32.0,0.0,1.0,0.0,1.0,0.34759212,0.043815553
31.0,0.0,0.0,0.0,2.0,0.2631154,0.042055998
46.0,1.0,0.0,0.0,2.0,0.47027165,0.11362936
37.0,3.0,0.0,0.0,1.0,0.31692225,0.0983204
37.0,2.0,1.0,0.0,0.0,0.37315035,0.08435209
60.0,0.0,0.0,0.0,1.0,0.26580572,0.44376543
25.0,0.0,1.0,0.0,0.0,0.276029,0.025530465
62.0,0.0,0.0,1.0,2.0,0.27791232,0.4259771
23.0,0.0,1.0,0.0,3.0,0.496099,0.011252759
56.0,0.0,0.0,0.0,2.0,0.64191544,0.15912327
27.0,0.0,1.0,1.0,2.0,0.70406234,0.6143778
19.0,1.0,1.0,0.0,3.0,0.23244554,0.011418669
52.0,1.0,0.0,0.0,0.0,0.39870864,0.15444031
23.0,0.0,1.0,0.0,0.0,0.21213341,0.020324454
56.0,0.0,1.0,0.0,3.0,0.65482914,0.15132847
30.0,0.0,1.0,1.0,3.0,0.520312,0.5700944
60.0,0.0,0.0,0.0,0.0,0.539279,0.1932522
30.0,1.0,0.0,0.0,3.0,0.44229215,0.04833091
18.0,0.0,1.0,0.0,2.0,0.48802793,0.0002416186
34.0,1.0,0.0,1.0,0.0,0.4293785,0.5838921
37.0,2.0,1.0,0.0,1.0,0.32458967,0.081119634
59.0,3.0,0.0,0.0,2.0,0.31638414,0.20557952
63.0,0.0,0.0,0.0,0.0,0.19168681,0.21277362
55.0,2.0,0.0,0.0,1.0,0.45238096,0.1779252
23.0,1.0,1.0,0.0,1.0,0.03833738,0.026390363
31.0,2.0,1.0,1.0,3.0,0.54721546,0.59999985
22.0,0.0,1.0,1.0,3.0,0.528383,0.5501116
18.0,0.0,0.0,0.0,0.0,0.2785849,0.01718022
19.0,5.0,0.0,0.0,3.0,0.34005916,0.056919478
63.0,0.0,1.0,0.0,1.0,0.33225715,0.20189169
28.0,1.0,1.0,1.0,3.0,0.54990584,0.7992631
19.0,0.0,1.0,0.0,1.0,0.120123744,0.008037852
62.0,3.0,0.0,0.0,1.0,0.4574926,0.23129535
26.0,0.0,1.0,0.0,3.0,0.13021249,0.01884203
35.0,1.0,1.0,1.0,0.0,0.5571697,0.61697197
60.0,0.0,1.0,1.0,3.0,0.64406776,0.7510386
24.0,0.0,0.0,0.0,0.0,0.28625232,0.030714005
31.0,2.0,0.0,0.0,2.0,0.55609363,0.061100923
41.0,1.0,1.0,0.0,2.0,0.15657789,0.082214236
37.0,2.0,0.0,0.0,2.0,0.39924663,0.08287317
38.0,1.0,1.0,0.0,0.0,0.567393,0.079136655
55.0,0.0,1.0,0.0,3.0,0.57411885,0.3113944
18.0,2.0,0.0,0.0,0.0,0.6108421,0.03625754
28.0,0.0,0.0,0.0,1.0,0.50605327,0.038868386
60.0,0.0,0.0,0.0,2.0,0.23056227,0.18369174
36.0,1.0,1.0,1.0,2.0,0.5176217,0.5999707
18.0,0.0,0.0,0.0,0.0,0.52905566,0.017386783
21.0,2.0,0.0,0.0,1.0,0.47538334,0.03923402
48.0,1.0,1.0,1.0,3.0,0.3239171,0.35829073
36.0,0.0,1.0,1.0,2.0,0.4969061,0.5845418
40.0,3.0,0.0,0.0,1.0,0.34248048,0.11074167
58.0,2.0,1.0,1.0,1.0,0.5648372,0.74023443
58.0,2.0,0.0,0.0,0.0,0.42682272,0.19929421
18.0,2.0,1.0,1.0,2.0,0.42292172,0.52964175
53.0,1.0,0.0,1.0,2.0,0.18617159,0.35312733
34.0,2.0,0.0,0.0,1.0,0.5750605,0.07769771
43.0,3.0,1.0,0.0,0.0,0.30669892,0.11946554
25.0,4.0,1.0,0.0,2.0,0.47619045,0.053996272
64.0,1.0,1.0,0.0,1.0,0.23513585,0.46361396
28.0,1.0,0.0,0.0,1.0,0.26836157,0.048074014
20.0,0.0,0.0,1.0,1.0,0.17379606,0.21692231
19.0,0.0,0.0,0.0,3.0,0.34813017,0.009917866
61.0,2.0,0.0,0.0,3.0,0.622545,0.20931366
40.0,1.0,1.0,0.0,1.0,0.2785849,0.08408021
40.0,0.0,0.0,0.0,2.0,0.54425603,0.07658964
28.0,3.0,1.0,1.0,2.0,0.21576536,0.26403275
27.0,0.0,0.0,1.0,2.0,0.23648101,0.2467081
31.0,5.0,1.0,0.0,0.0,0.33736885,0.090625934
53.0,3.0,0.0,0.0,3.0,0.32660747,0.16951472
58.0,1.0,1.0,0.0,2.0,0.43179977,0.17278534
44.0,2.0,1.0,0.0,3.0,0.30777508,0.10542908
57.0,0.0,1.0,0.0,1.0,0.4856066,0.16336828
29.0,1.0,0.0,0.0,2.0,0.36669356,0.045101427
21.0,0.0,1.0,0.0,2.0,0.5264998,0.0065539554
22.0,0.0,0.0,0.0,0.0,0.6415119,0.02606839
41.0,0.0,0.0,0.0,1.0,0.4574926,0.086979665
31.0,1.0,1.0,0.0,0.0,0.2939198,0.052983493
45.0,0.0,0.0,0.0,0.0,0.6006187,0.10875616
22.0,1.0,1.0,1.0,2.0,0.5827279,0.57532513
48.0,4.0,0.0,0.0,1.0,0.67984927,0.15821254
37.0,2.0,0.0,1.0,3.0,0.5068603,0.61796546
45.0,2.0,1.0,1.0,1.0,0.18657517,0.31886896
57.0,0.0,0.0,1.0,1.0,0.4089319,0.6777021
56.0,0.0,0.0,0.0,3.0,0.3023944,0.15884328
46.0,0.0,0.0,0.0,1.0,0.31692225,0.1102147
55.0,0.0,0.0,0.0,1.0,0.2964756,0.15899333
21.0,0.0,0.0,0.0,2.0,0.63303745,0.014447264
53.0,1.0,0.0,0.0,1.0,0.23769164,0.15675154
59.0,3.0,1.0,1.0,0.0,0.37315035,0.46390635
35.0,2.0,1.0,0.0,1.0,0.50605327,0.07353931
64.0,2.0,0.0,1.0,3.0,0.4126984,0.73695517
28.0,1.0,0.0,0.0,2.0,0.5827279,0.042219806
54.0,3.0,0.0,0.0,3.0,0.39924663,0.17531842
55.0,0.0,1.0,0.0,2.0,0.60048413,0.14532512
56.0,0.0,1.0,1.0,0.0,0.10734463,0.3398446
38.0,0.0,1.0,1.0,3.0,0.0898574,0.23462352
41.0,0.0,0.0,0.0,3.0,0.4207694,0.08083591
30.0,0.0,1.0,0.0,0.0,0.2555824,0.040275715
18.0,0.0,0.0,0.0,0.0,0.38081783,0.3228003
61.0,3.0,0.0,1.0,2.0,0.37557167,0.4759937
34.0,1.0,0.0,0.0,3.0,0.3104654,0.061964378
20.0,1.0,1.0,1.0,1.0,0.32458967,0.2623924
19.0,1.0,0.0,0.0,3.0,0.33467847,0.019308425
26.0,2.0,1.0,0.0,1.0,0.40126443,0.043982342
29.0,0.0,1.0,0.0,2.0,0.32230294,0.027857717
63.0,0.0,1.0,1.0,2.0,0.5146623,0.7331957
54.0,1.0,1.0,0.0,1.0,0.47538334,0.15488592
55.0,2.0,0.0,0.0,3.0,0.36965293,0.17174354
37.0,0.0,1.0,0.0,3.0,0.39924663,0.056264423
21.0,0.0,0.0,0.0,1.0,0.5316115,0.020477086
52.0,3.0,1.0,0.0,0.0,0.43704605,0.1654698
60.0,0.0,1.0,0.0,0.0,0.33992463,0.46510446
58.0,0.0,1.0,0.0,2.0,0.89050305,0.16376197
29.0,1.0,0.0,1.0,2.0,0.32230294,0.2870921
49.0,0.0,0.0,0.0,2.0,0.30158728,0.119387515
37.0,2.0,0.0,0.0,1.0,0.19935435,0.08882179
44.0,2.0,1.0,0.0,3.0,0.56873816,0.1056443
18.0,0.0,1.0,0.0,0.0,0.20957762,0.009317862
20.0,0.0,0.0,0.0,1.0,0.35014796,0.018126536
44.0,1.0,1.0,1.0,0.0,0.41404355,0.6134957
47.0,3.0,0.0,0.0,1.0,0.48305082,0.14354897
26.0,0.0,0.0,0.0,0.0,0.34503627,0.036130525
19.0,0.0,0.0,1.0,3.0,0.3319881,0.25474182
52.0,0.0,0.0,0.0,3.0,0.5768093,0.13587967
32.0,2.0,0.0,1.0,1.0,0.04856065,0.5045976
38.0,2.0,1.0,0.0,3.0,0.50417,0.079180285
59.0,0.0,0.0,0.0,0.0,0.28369647,0.1866535
61.0,0.0,0.0,0.0,0.0,0.16357279,0.19943771
53.0,2.0,0.0,0.0,3.0,0.53645414,0.16028613
19.0,0.0,1.0,0.0,1.0,0.2581383,0.008151673
20.0,0.0,0.0,0.0,0.0,0.34503627,0.021314733
22.0,0.0,0.0,0.0,2.0,0.32526225,0.016501695
19.0,0.0,1.0,0.0,3.0,0.48802793,0.0022277944
22.0,0.0,1.0,0.0,1.0,0.24791497,0.014745932
54.0,3.0,0.0,0.0,2.0,0.4288404,0.4182197
22.0,0.0,0.0,0.0,3.0,0.53914446,0.016678087
34.0,2.0,1.0,0.0,0.0,0.17379606,0.4190684
26.0,1.0,1.0,0.0,0.0,0.44471347,0.037808932
34.0,2.0,1.0,1.0,2.0,0.25127786,0.28493267
29.0,2.0,1.0,0.0,1.0,0.37059456,0.2719297
30.0,3.0,1.0,1.0,1.0,0.34248048,0.31324127
29.0,3.0,0.0,0.0,2.0,0.6152811,0.06410974
46.0,3.0,1.0,1.0,1.0,0.39104116,0.63207644
51.0,1.0,0.0,0.0,2.0,0.5856873,0.13975954
53.0,1.0,0.0,0.0,1.0,0.57761633,0.15703186
19.0,1.0,1.0,0.0,3.0,0.33467847,0.011502979
35.0,1.0,1.0,0.0,1.0,0.21980089,0.06390158
48.0,0.0,1.0,0.0,2.0,0.36965293,0.10643119
32.0,3.0,0.0,0.0,0.0,0.56994885,0.08320175
42.0,0.0,0.0,1.0,0.0,0.19935435,0.30077106
40.0,1.0,0.0,0.0,0.0,0.2555824,0.095059104
44.0,0.0,1.0,0.0,1.0,0.6338445,0.09300815
48.0,0.0,1.0,1.0,2.0,0.2276029,0.32086617
18.0,0.0,1.0,1.0,0.0,0.24791497,0.22979471
30.0,0.0,1.0,1.0,2.0,0.5264998,0.57189476
50.0,3.0,0.0,0.0,2.0,0.3193435,0.29733342
42.0,0.0,0.0,1.0,1.0,0.28625232,0.32286188
18.0,0.0,0.0,1.0,2.0,0.5620123,0.5591128
54.0,1.0,1.0,0.0,3.0,0.6359967,0.14890492
32.0,2.0,0.0,0.0,3.0,0.37234324,0.06433125
37.0,0.0,1.0,0.0,1.0,0.3680387,0.062352158
47.0,4.0,1.0,0.0,0.0,0.32970136,0.14821109
20.0,5.0,0.0,0.0,3.0,0.56604785,0.059199385
32.0,3.0,0.0,0.0,1.0,0.46260417,0.07992081
19.0,1.0,0.0,0.0,1.0,0.42682272,0.025497887
27.0,3.0,1.0,0.0,0.0,0.07923055,0.05915588
63.0,0.0,1.0,0.0,2.0,0.6863061,0.19607022
49.0,0.0,1.0,0.0,3.0,0.38579494,0.11165152
18.0,0.0,1.0,0.0,0.0,0.0,0.009145023
35.0,1.0,0.0,0.0,3.0,0.5068603,0.06583029
24.0,0.0,0.0,0.0,1.0,0.46771592,0.027671244
63.0,0.0,0.0,1.0,3.0,0.58488023,0.76143134
38.0,2.0,1.0,0.0,1.0,0.31947803,0.08514145
54.0,1.0,1.0,0.0,3.0,0.35620123,0.14867416
46.0,2.0,0.0,0.0,3.0,0.34813017,0.122930296
41.0,3.0,0.0,0.0,0.0,0.46260417,0.11838124
58.0,0.0,1.0,0.0,1.0,0.33992463,0.16942137
18.0,0.0,0.0,0.0,2.0,0.60048413,0.008139808
22.0,3.0,1.0,0.0,0.0,0.10734463,0.046027377
44.0,0.0,0.0,0.0,1.0,0.28114069,0.100522734
44.0,2.0,1.0,0.0,2.0,0.39628732,0.105502084
36.0,3.0,1.0,1.0,0.0,0.6977401,0.6804859
26.0,2.0,0.0,0.0,2.0,0.37557167,0.045653135
30.0,3.0,0.0,0.0,3.0,0.401937,0.067100935
41.0,1.0,0.0,0.0,3.0,0.43691146,0.09025087
29.0,2.0,0.0,0.0,1.0,0.43449014,0.060672462
61.0,0.0,1.0,0.0,2.0,0.4199623,0.18253782
36.0,0.0,0.0,0.0,3.0,0.275491,0.060049146
25.0,0.0,1.0,0.0,2.0,0.2631154,0.016213935
56.0,1.0,0.0,0.0,1.0,0.28625232,0.17434508
18.0,0.0,1.0,0.0,2.0,0.4969061,0.00024894066
19.0,0.0,1.0,0.0,1.0,0.39359695,0.008263385
39.0,0.0,0.0,0.0,3.0,0.45305347,0.072273664
45.0,2.0,0.0,0.0,2.0,0.34005916,0.11803872
51.0,0.0,0.0,0.0,1.0,0.0562281,0.13603473
64.0,0.0,0.0,0.0,0.0,0.6287328,0.21995148
19.0,0.0,0.0,0.0,1.0,0.43449014,0.016102556
48.0,1.0,0.0,0.0,2.0,0.43771857,0.12369443
60.0,0.0,0.0,0.0,1.0,0.21724504,0.18979424
27.0,0.0,0.0,1.0,2.0,0.5412968,0.57482606
46.0,0.0,1.0,0.0,3.0,0.17056763,0.0961751
28.0,1.0,0.0,0.0,0.0,0.34759212,0.051331773
59.0,0.0,1.0,0.0,2.0,0.28087163,0.16953981
35.0,2.0,1.0,1.0,0.0,0.31692225,0.31704193
63.0,0.0,0.0,0.0,3.0,0.42615008,0.20366111
40.0,1.0,1.0,0.0,0.0,0.67984927,0.08760355
20.0,1.0,1.0,0.0,3.0,0.45843416,0.013698574
40.0,4.0,1.0,0.0,1.0,0.40126443,0.11238634
24.0,2.0,1.0,0.0,1.0,0.33736885,0.038561605
34.0,1.0,0.0,0.0,2.0,0.28974974,0.061947294
45.0,2.0,0.0,0.0,3.0,0.401937,0.11808974
41.0,2.0,0.0,0.0,3.0,0.56873816,0.09976125
53.0,0.0,0.0,0.0,1.0,0.28625232,0.14738992
27.0,0.0,1.0,0.0,2.0,0.19209039,0.021738123
26.0,1.0,0.0,0.0,2.0,0.37557167,0.036251478
24.0,0.0,0.0,0.0,2.0,0.1950497,0.38244927
34.0,1.0,0.0,0.0,3.0,0.4772666,0.062101945
53.0,0.0,0.0,0.0,0.0,0.46516007,0.1507299
32.0,3.0,1.0,0.0,3.0,0.39924663,0.06594964
19.0,0.0,1.0,1.0,3.0,0.5068603,0.5372468
42.0,0.0,1.0,1.0,2.0,0.23352164,0.29360083
55.0,3.0,1.0,0.0,2.0,0.48210925,0.17343247
28.0,0.0,1.0,0.0,2.0,0.5945655,0.025022466
58.0,0.0,0.0,0.0,2.0,0.6981436,0.3688108
41.0,1.0,0.0,0.0,0.0,0.42171103,0.09954422
47.0,2.0,1.0,0.0,0.0,0.2555824,0.12934667
42.0,1.0,0.0,0.0,1.0,0.5443906,0.10090846
59.0,3.0,0.0,0.0,2.0,0.3193435,0.20558196
19.0,0.0,0.0,0.0,3.0,0.049502254,0.009671589
59.0,1.0,1.0,0.0,3.0,0.3104654,0.17896587
39.0,2.0,1.0,0.0,1.0,0.23002422,0.08920106
40.0,2.0,0.0,1.0,2.0,0.16841537,0.29246312
18.0,0.0,0.0,0.0,2.0,0.28974974,0.007883547
31.0,2.0,1.0,0.0,2.0,0.6034436,0.053334527
19.0,0.0,1.0,1.0,1.0,0.35270375,0.2590771
44.0,1.0,1.0,0.0,2.0,0.5945655,0.096263945
23.0,2.0,0.0,1.0,0.0,0.5571697,0.5968175
33.0,1.0,0.0,0.0,0.0,0.16612858,0.06755464
55.0,1.0,0.0,0.0,3.0,0.291633,0.5433207
40.0,3.0,1.0,0.0,3.0,0.520312,0.0969694
63.0,0.0,0.0,1.0,0.0,0.31692225,0.45334312
54.0,0.0,1.0,0.0,1.0,0.37826204,0.3727876
60.0,0.0,0.0,0.0,2.0,0.5945655,0.18399194
24.0,0.0,1.0,0.0,2.0,0.535378,0.013808131
19.0,1.0,1.0,0.0,3.0,0.13290286,0.011336574
29.0,1.0,1.0,0.0,0.0,0.35014796,0.046588212
18.0,2.0,1.0,1.0,0.0,0.035781562,0.1868771
63.0,2.0,0.0,1.0,3.0,0.43691146,0.7371826
54.0,2.0,1.0,1.0,2.0,0.4909873,0.6885853
27.0,3.0,1.0,0.0,3.0,0.38579494,0.05010283
50.0,0.0,1.0,1.0,0.0,0.42682272,0.63808787
55.0,3.0,0.0,0.0,0.0,0.2530266,0.19035488
56.0,0.0,1.0,1.0,1.0,0.47538334,0.68316513
38.0,0.0,0.0,0.0,2.0,0.6507937,0.068303354
51.0,4.0,1.0,0.0,1.0,0.22746837,0.16597709
19.0,0.0,1.0,1.0,1.0,0.4293785,0.52081674
58.0,0.0,0.0,0.0,3.0,0.24858755,0.17103803
20.0,1.0,0.0,1.0,2.0,0.29270917,0.25480863
52.0,3.0,1.0,1.0,0.0,0.22491252,0.37906638
19.0,0.0,1.0,1.0,1.0,0.5648372,0.5602289
53.0,3.0,0.0,0.0,2.0,0.5945655,0.3087242
46.0,3.0,1.0,1.0,2.0,0.7099811,0.71875954
40.0,1.0,1.0,1.0,2.0,0.103309095,0.25631315
59.0,3.0,0.0,0.0,0.0,0.44215763,0.21498913
45.0,1.0,1.0,0.0,3.0,0.38310462,0.100867115
49.0,1.0,1.0,0.0,0.0,0.26580572,0.13026008
18.0,1.0,1.0,0.0,2.0,0.36077482,0.009538326
50.0,2.0,1.0,1.0,3.0,0.4907183,0.66617596
41.0,2.0,1.0,0.0,1.0,0.567393,0.09806816
50.0,1.0,1.0,0.0,0.0,0.30925477,0.13561028
25.0,0.0,1.0,0.0,1.0,0.31181055,0.022367563
47.0,2.0,0.0,0.0,0.0,0.28625232,0.13717741
19.0,2.0,1.0,0.0,1.0,0.12523538,0.026845373
22.0,0.0,0.0,0.0,3.0,0.22437447,0.016418494
59.0,2.0,1.0,0.0,2.0,0.4258811,0.1884627
51.0,1.0,0.0,0.0,2.0,0.15065908,0.13940078
40.0,1.0,0.0,1.0,0.0,0.32714552,0.3385504
54.0,3.0,1.0,1.0,0.0,0.66195846,0.75703746
30.0,1.0,1.0,0.0,0.0,0.3143664,0.049725845
55.0,1.0,0.0,0.0,0.0,0.44215763,0.17170754
52.0,0.0,0.0,0.0,3.0,0.41000807,0.1357421
46.0,1.0,1.0,0.0,2.0,0.28679043,0.1056726
46.0,2.0,0.0,0.0,0.0,0.8638686,0.13266149
63.0,0.0,0.0,0.0,1.0,0.276029,0.20965078
59.0,1.0,0.0,1.0,0.0,0.5597255,0.746624
52.0,3.0,1.0,0.0,2.0,0.28087163,0.39699152
28.0,0.0,0.0,0.0,3.0,0.4691956,0.032724522
29.0,1.0,1.0,0.0,0.0,0.3680387,0.30576813
25.0,2.0,1.0,1.0,2.0,0.79580307,0.65429056
22.0,0.0,0.0,0.0,2.0,0.3459779,0.01651878
25.0,3.0,1.0,0.0,3.0,0.291633,0.04444241
18.0,0.0,1.0,0.0,0.0,0.18913102,0.009300999
19.0,0.0,1.0,1.0,3.0,0.3158461,0.24223977
47.0,1.0,1.0,1.0,2.0,0.25423723,0.33291754
31.0,3.0,1.0,1.0,1.0,0.49582994,0.6005642
48.0,1.0,0.0,0.0,1.0,0.34759212,0.12973356
36.0,3.0,1.0,0.0,0.0,0.31181055,0.08978449
53.0,3.0,0.0,1.0,0.0,0.17890775,0.37912303
56.0,2.0,0.0,0.0,2.0,0.57976854,0.17787534
28.0,2.0,0.0,0.0,2.0,0.45843416,0.051518954
57.0,2.0,0.0,0.0,3.0,0.5929513,0.1839521
29.0,2.0,1.0,0.0,1.0,0.46771592,0.2924326
28.0,2.0,0.0,0.0,3.0,0.3104654,0.30416977
30.0,1.0,0.0,0.0,2.0,0.46731234,0.04835155
58.0,0.0,1.0,0.0,0.0,0.5086091,0.17275292
41.0,2.0,0.0,0.0,1.0,0.46004844,0.10578507
50.0,0.0,1.0,0.0,3.0,0.28625232,0.11688378
19.0,0.0,0.0,0.0,3.0,0.23513585,0.00982468
43.0,3.0,1.0,1.0,2.0,0.53833735,0.6544866
49.0,0.0,1.0,0.0,2.0,0.535378,0.11177487
27.0,0.0,0.0,1.0,3.0,0.4153887,0.5381927
52.0,0.0,1.0,0.0,0.0,0.46516007,0.137288
50.0,0.0,1.0,0.0,1.0,0.43704605,0.1231216
54.0,0.0,1.0,0.0,0.0,0.45238096,0.14865771
44.0,0.0,0.0,0.0,1.0,0.3143664,0.10055013
32.0,1.0,1.0,0.0,0.0,0.5750605,0.05659721
34.0,1.0,1.0,0.0,1.0,0.25047082,0.060222924
26.0,4.0,0.0,0.0,0.0,0.3680387,0.37590316
34.0,0.0,1.0,1.0,3.0,0.39924663,0.54861224
57.0,0.0,1.0,0.0,0.0,0.67218184,0.16671455
29.0,0.0,1.0,0.0,3.0,0.3023944,0.027841296
40.0,1.0,1.0,0.0,0.0,0.48816246,0.08744546
27.0,1.0,0.0,0.0,2.0,0.1950497,0.038947664
45.0,2.0,1.0,1.0,1.0,0.55205804,0.6646383
64.0,1.0,0.0,1.0,3.0,0.47995692,0.74712265
52.0,0.0,1.0,0.0,3.0,0.55797684,0.12805867
61.0,1.0,0.0,1.0,0.0,0.5495022,0.7565328
52.0,0.0,1.0,1.0,1.0,0.30669892,0.37146506
61.0,0.0,0.0,0.0,1.0,0.4089319,0.19644764
56.0,0.0,0.0,0.0,0.0,0.34503627,0.16818431
43.0,2.0,0.0,0.0,0.0,0.5316115,0.28767946
64.0,0.0,1.0,0.0,3.0,0.4987893,0.20273298
60.0,0.0,1.0,0.0,2.0,0.2631154,0.17591313
62.0,1.0,1.0,0.0,1.0,0.31181055,0.20456645
50.0,1.0,1.0,1.0,0.0,0.43960178,0.6512077
46.0,1.0,0.0,0.0,2.0,0.31638414,0.11350245
24.0,0.0,0.0,0.0,3.0,0.31315577,0.28465694
62.0,0.0,1.0,0.0,1.0,0.37826204,0.19521958
60.0,0.0,0.0,0.0,0.0,0.31181055,0.19306463
63.0,0.0,1.0,0.0,0.0,0.5597255,0.20527172
49.0,4.0,0.0,0.0,2.0,0.6863061,0.15731141
34.0,3.0,0.0,0.0,2.0,0.35781544,0.08080673
33.0,2.0,1.0,0.0,2.0,0.5324186,0.060147047
46.0,1.0,1.0,0.0,0.0,0.46771592,0.11512769
36.0,1.0,0.0,0.0,2.0,0.37557167,0.069533326
19.0,0.0,1.0,0.0,1.0,0.31947803,0.0082022585
57.0,0.0,0.0,0.0,1.0,0.19424266,0.17093346
50.0,0.0,0.0,0.0,3.0,0.25934893,0.12466704
30.0,0.0,0.0,0.0,3.0,0.3158461,0.03882498
33.0,0.0,1.0,0.0,0.0,0.5188323,0.1801
18.0,0.0,0.0,0.0,2.0,0.60048413,0.20768496
46.0,0.0,1.0,0.0,3.0,0.31315577,0.37480792
46.0,3.0,1.0,0.0,2.0,0.7514124,0.12485909
47.0,3.0,1.0,0.0,1.0,0.37315035,0.13565287
23.0,0.0,1.0,0.0,2.0,0.6981436,0.011419384
18.0,0.0,0.0,0.0,2.0,0.12994349,0.0077517536
48.0,2.0,0.0,0.0,0.0,0.43960178,0.14240351
35.0,1.0,1.0,0.0,3.0,0.39117563,0.05792944
19.0,0.0,0.0,1.0,3.0,0.15442562,0.2030794
21.0,1.0,0.0,0.0,3.0,0.28087163,0.023558486
21.0,2.0,0.0,0.0,2.0,0.15953726,0.03286007
49.0,1.0,0.0,0.0,0.0,0.39870864,0.13817516
56.0,3.0,0.0,0.0,0.0,0.43960178,0.19646725
42.0,2.0,0.0,0.0,1.0,0.24280334,0.110061385
44.0,2.0,1.0,0.0,1.0,0.4319343,0.111644946
18.0,3.0,1.0,0.0,0.0,0.3884853,0.037670363
61.0,0.0,0.0,0.0,1.0,0.1380145,0.19622421
57.0,0.0,0.0,0.0,0.0,0.16868442,0.17410478
42.0,1.0,0.0,0.0,0.0,0.46260417,0.10403342
26.0,2.0,1.0,1.0,3.0,0.4557439,0.558087
20.0,0.0,1.0,0.0,2.0,0.46731234,0.004304245
23.0,0.0,0.0,1.0,1.0,0.33225715,0.26995188
39.0,3.0,0.0,1.0,0.0,0.24024749,0.3278297
24.0,0.0,1.0,1.0,2.0,0.6507937,0.590666
64.0,3.0,0.0,0.0,1.0,0.38081783,0.24475956
62.0,1.0,1.0,0.0,2.0,0.41700292,0.4130839
27.0,2.0,0.0,1.0,0.0,0.053672314,0.22162849
55.0,0.0,1.0,1.0,0.0,0.3961528,0.6573466
55.0,0.0,1.0,0.0,2.0,0.45843416,0.31380793
35.0,2.0,0.0,0.0,2.0,0.73661554,0.07542142
44.0,2.0,1.0,0.0,0.0,0.16612858,0.11461816
19.0,0.0,1.0,0.0,3.0,0.496099,0.0022344496
58.0,0.0,0.0,0.0,2.0,0.62119985,0.17134532
50.0,2.0,1.0,0.0,1.0,0.2530266,0.46549785
26.0,0.0,0.0,0.0,1.0,0.17890775,0.032801107
24.0,3.0,0.0,0.0,1.0,0.38337362,0.05580665
48.0,4.0,1.0,0.0,0.0,0.52905566,0.15347517
19.0,0.0,0.0,0.0,1.0,0.57761633,0.016220596
48.0,1.0,1.0,0.0,0.0,0.4165994,0.12517744
49.0,1.0,1.0,0.0,0.0,0.41404355,0.13038233
46.0,2.0,0.0,0.0,0.0,0.43960178,0.13231161
46.0,0.0,1.0,0.0,1.0,0.10478878,0.10223432
43.0,3.0,0.0,0.0,3.0,0.496099,0.1181213
21.0,0.0,1.0,0.0,2.0,0.40516543,0.24684727
64.0,2.0,1.0,0.0,3.0,0.25934893,0.22133881
18.0,0.0,0.0,0.0,2.0,0.59752476,0.0081373695
51.0,0.0,0.0,0.0,3.0,0.124831855,0.12997782
47.0,1.0,1.0,0.0,2.0,0.84907174,0.11112859
64.0,0.0,0.0,0.0,1.0,0.4574926,0.21661782
49.0,3.0,1.0,0.0,1.0,0.43960178,0.1460143
31.0,0.0,1.0,0.0,3.0,0.119451165,0.03413207
52.0,2.0,0.0,0.0,0.0,0.60317457,0.16401058
33.0,0.0,0.0,0.0,2.0,0.22464347,0.04889536
47.0,1.0,0.0,0.0,3.0,0.20554209,0.11840332
38.0,3.0,1.0,0.0,2.0,0.13882166,0.08828064
32.0,1.0,1.0,0.0,2.0,0.37853104,0.04712925
19.0,0.0,1.0,0.0,1.0,0.040893167,0.0079725105
44.0,1.0,0.0,1.0,0.0,0.11501211,0.2948661
26.0,2.0,0.0,1.0,0.0,0.033225715,0.21283445
25.0,5.0,1.0,0.0,3.0,0.2136131,0.06318138
19.0,0.0,0.0,0.0,1.0,0.5162766,0.01617001
43.0,1.0,0.0,0.0,2.0,0.5294592,0.099345505
52.0,0.0,1.0,0.0,2.0,0.48802793,0.12800097
36.0,2.0,0.0,1.0,3.0,0.1786387,0.27911878
64.0,1.0,1.0,0.0,2.0,0.6241592,0.21223804
63.0,0.0,0.0,1.0,1.0,0.2964756,0.4442017
64.0,0.0,1.0,1.0,2.0,0.48210925,0.73054177
61.0,0.0,1.0,1.0,2.0,0.535378,0.7259103
40.0,1.0,1.0,1.0,0.0,0.45238096,0.60661346
25.0,0.0,1.0,0.0,0.0,0.39359695,0.025627423
48.0,2.0,1.0,0.0,3.0,0.38310462,0.1252456
45.0,5.0,1.0,0.0,2.0,0.22464347,0.13834304
38.0,1.0,0.0,0.0,0.0,0.30414307,0.086725004
18.0,0.0,0.0,0.0,0.0,0.3552596,0.09899447
21.0,1.0,0.0,0.0,0.0,0.023002416,0.0326517
27.0,3.0,0.0,0.0,1.0,0.3884853,0.28225517
19.0,0.0,1.0,0.0,3.0,0.46112448,0.3505441
29.0,2.0,0.0,0.0,1.0,0.11501211,0.060408987
42.0,0.0,1.0,0.0,3.0,0.29432333,0.077381656
60.0,0.0,0.0,0.0,3.0,0.39117563,0.18382421
31.0,1.0,1.0,0.0,1.0,0.33992463,0.049829014
60.0,3.0,1.0,0.0,2.0,0.4613936,0.20428163
22.0,0.0,1.0,0.0,0.0,0.42426682,0.018083781
35.0,3.0,1.0,0.0,3.0,0.34813017,0.07669725
52.0,5.0,0.0,0.0,2.0,0.82835615,0.18309537
26.0,0.0,1.0,0.0,0.0,0.36292708,0.028339833
31.0,1.0,0.0,0.0,1.0,0.4498251,0.0577251
33.0,0.0,0.0,1.0,3.0,0.47188592,0.5739557
18.0,0.0,1.0,0.0,2.0,0.7277373,0.00043930672
59.0,1.0,0.0,0.0,2.0,0.5531342,0.4336257
56.0,1.0,1.0,1.0,1.0,0.28880817,0.39885125
45.0,0.0,0.0,0.0,3.0,0.46112448,0.099335246
60.0,0.0,1.0,0.0,0.0,0.3680387,0.18530557
56.0,0.0,0.0,0.0,1.0,0.2606941,0.16492236
40.0,0.0,0.0,0.0,3.0,0.3669626,0.07644342
35.0,1.0,1.0,0.0,3.0,0.6090933,0.058109164
39.0,4.0,1.0,0.0,3.0,0.3669626,0.102003835
30.0,1.0,1.0,0.0,1.0,0.21980089,0.04645545
24.0,0.0,1.0,0.0,3.0,0.2001614,0.013531677
20.0,0.0,1.0,0.0,1.0,0.37059456,0.010337951
32.0,2.0,1.0,0.0,2.0,0.8224374,0.056897
59.0,0.0,1.0,0.0,3.0,0.5768093,0.3300176
55.0,2.0,0.0,0.0,2.0,0.3814904,0.17175329
57.0,0.0,0.0,0.0,1.0,0.39104116,0.17109573
56.0,0.0,1.0,0.0,3.0,0.6359967,0.15131295
40.0,3.0,0.0,0.0,2.0,0.45843416,0.10472382
49.0,3.0,0.0,0.0,2.0,0.55609363,0.14780235
42.0,0.0,1.0,1.0,3.0,0.37772393,0.33555692
62.0,2.0,0.0,0.0,0.0,0.59550714,0.22519991
56.0,0.0,1.0,0.0,0.0,0.26836157,0.16031563
19.0,0.0,1.0,0.0,1.0,0.24791497,0.008143241
30.0,1.0,0.0,1.0,2.0,0.33414036,0.2937034
60.0,1.0,0.0,0.0,3.0,0.34274954,0.19318593
56.0,2.0,0.0,0.0,1.0,0.48049498,0.18390694
28.0,1.0,0.0,0.0,0.0,0.22491252,0.35383183
18.0,1.0,0.0,0.0,2.0,0.21872479,0.017226625
27.0,0.0,1.0,0.0,2.0,0.449556,0.021950457
18.0,0.0,0.0,0.0,0.0,0.38081783,0.01726453
19.0,0.0,0.0,0.0,3.0,0.37234324,0.009937836
47.0,0.0,0.0,0.0,0.0,0.46771592,0.315361
54.0,3.0,1.0,1.0,3.0,0.24589723,0.3872463
61.0,1.0,1.0,1.0,1.0,0.33225715,0.44289592
24.0,0.0,1.0,1.0,0.0,0.33736885,0.5431195
25.0,0.0,1.0,0.0,1.0,0.52905566,0.022546727
21.0,0.0,1.0,0.0,2.0,0.5620123,0.00658324
23.0,0.0,1.0,0.0,2.0,0.44659674,0.011211934
63.0,3.0,1.0,0.0,1.0,0.6824051,0.23038542
49.0,2.0,1.0,0.0,2.0,0.57976854,0.13061479
18.0,0.0,0.0,0.0,2.0,0.41404355,0.00798605
51.0,1.0,0.0,0.0,3.0,0.6333064,0.13979882
48.0,3.0,1.0,0.0,3.0,0.49340862,0.13473824
31.0,0.0,0.0,0.0,0.0,0.40637612,0.051480025
54.0,3.0,0.0,0.0,1.0,0.14823776,0.18122488
19.0,0.0,1.0,0.0,3.0,0.34274954,0.0021079835
44.0,0.0,0.0,1.0,2.0,0.5945655,0.76240003
53.0,1.0,1.0,0.0,1.0,0.4089319,0.14908731
19.0,0.0,0.0,0.0,3.0,0.4557439,0.010006618
61.0,0.0,0.0,0.0,2.0,0.24535912,0.37337202
18.0,0.0,0.0,0.0,0.0,0.24535912,0.017152816
61.0,0.0,1.0,0.0,3.0,0.73822975,0.1828003
21.0,4.0,1.0,1.0,3.0,0.2620393,0.26848555
20.0,0.0,1.0,0.0,0.0,0.32203388,0.0134903155
31.0,2.0,0.0,0.0,3.0,0.20554209,0.060811825
45.0,2.0,1.0,0.0,3.0,0.34274954,0.110235475
44.0,2.0,0.0,0.0,2.0,0.21576536,0.11315865
62.0,0.0,0.0,0.0,3.0,0.62523544,0.19711524
29.0,0.0,1.0,1.0,3.0,0.496099,0.5598824
43.0,0.0,1.0,0.0,0.0,0.27091742,0.09123107
51.0,1.0,1.0,1.0,2.0,0.1950497,0.33673948
19.0,0.0,1.0,1.0,2.0,0.38444978,0.5016311
38.0,1.0,0.0,0.0,2.0,0.34893727,0.077456065
37.0,3.0,1.0,0.0,1.0,0.40126443,0.09058452
22.0,1.0,1.0,0.0,1.0,0.41404355,0.02428459
21.0,2.0,1.0,0.0,1.0,0.20957762,0.03120936
24.0,0.0,0.0,0.0,0.0,0.25047082,0.030684497
57.0,0.0,0.0,0.0,3.0,0.34274954,0.16494244
56.0,1.0,1.0,0.0,0.0,0.43449014,0.16985431
27.0,0.0,1.0,0.0,2.0,0.47619045,0.021972418
51.0,0.0,1.0,0.0,0.0,0.17379606,0.13151863
19.0,0.0,1.0,0.0,3.0,0.3884853,0.0021457002
39.0,1.0,1.0,1.0,3.0,0.3319881,0.31860727
58.0,0.0,1.0,0.0,3.0,0.53107345,0.16346556
20.0,1.0,1.0,0.0,2.0,0.5205811,0.42462933
45.0,2.0,1.0,0.0,1.0,0.39104116,0.116388775
35.0,1.0,0.0,0.0,3.0,0.40462738,0.06574599
31.0,0.0,1.0,0.0,0.0,0.40126443,0.043670364
50.0,0.0,0.0,0.0,0.0,0.30669892,0.3916244
32.0,0.0,0.0,0.0,2.0,0.7602905,0.045847885
51.0,0.0,0.0,0.0,0.0,0.48305082,0.13957912
38.0,0.0,0.0,0.0,2.0,0.5856873,0.06824966
42.0,1.0,1.0,1.0,2.0,0.27199352,0.592571
18.0,0.0,0.0,0.0,2.0,0.48210925,0.16537908
19.0,2.0,0.0,0.0,1.0,0.39359695,0.3661346
51.0,1.0,0.0,0.0,3.0,0.26472956,0.13949487
46.0,1.0,1.0,0.0,0.0,0.63128865,0.11526259
18.0,0.0,1.0,0.0,0.0,0.2555824,0.0093558
57.0,1.0,1.0,1.0,2.0,0.70406234,0.7590541
62.0,0.0,0.0,0.0,0.0,0.42426682,0.20625538
59.0,2.0,1.0,0.0,2.0,0.36965293,0.18841633
37.0,0.0,1.0,0.0,2.0,0.54425603,0.28879887
64.0,0.0,1.0,0.0,2.0,0.65967166,0.20286566
38.0,1.0,1.0,0.0,0.0,0.32458967,0.07893642
33.0,3.0,0.0,0.0,3.0,0.6171644,0.077424034
46.0,2.0,0.0,0.0,3.0,0.38310462,0.12295913
46.0,1.0,0.0,0.0,2.0,0.32526225,0.11350978
53.0,0.0,1.0,0.0,2.0,0.41404355,0.41859177
34.0,3.0,0.0,0.0,3.0,0.5929513,0.081000656
20.0,2.0,0.0,0.0,2.0,0.4258811,0.03087883
63.0,0.0,0.0,0.0,2.0,0.54721546,0.20376095
54.0,0.0,0.0,1.0,2.0,0.8461124,0.99999994
54.0,0.0,1.0,0.0,1.0,0.38337362,0.14540839
49.0,2.0,1.0,1.0,1.0,0.26580572,0.36210516
28.0,0.0,1.0,0.0,0.0,0.523944,0.034270108
54.0,2.0,0.0,0.0,3.0,0.827011,0.16626954
25.0,0.0,0.0,0.0,0.0,0.33992463,0.033388607
43.0,0.0,0.0,1.0,2.0,0.8135593,0.7141637
63.0,0.0,1.0,0.0,3.0,0.39924663,0.19583347
32.0,0.0,0.0,0.0,2.0,0.34893727,0.045508645
62.0,0.0,1.0,0.0,3.0,0.14635456,0.18891487
52.0,2.0,0.0,0.0,1.0,0.42426682,0.16067061
25.0,0.0,0.0,0.0,0.0,0.6824051,0.26747665
28.0,2.0,1.0,0.0,3.0,0.21092278,0.043509383
46.0,1.0,1.0,0.0,0.0,0.47027165,0.115129806
34.0,0.0,1.0,0.0,2.0,0.4909873,0.044906154
35.0,3.0,0.0,1.0,1.0,0.48816246,0.62031037
19.0,0.0,1.0,0.0,1.0,0.5264998,0.00837299
46.0,2.0,0.0,0.0,1.0,0.10734463,0.12884519
54.0,0.0,0.0,0.0,0.0,0.4498251,0.15646106
27.0,0.0,1.0,0.0,3.0,0.39117563,0.021902308
50.0,1.0,1.0,0.0,2.0,0.77508736,0.12668857
18.0,2.0,0.0,0.0,2.0,0.43475914,0.02680644
19.0,0.0,0.0,0.0,1.0,0.39104116,0.016066726
38.0,1.0,0.0,0.0,1.0,0.66195846,0.08382768
41.0,2.0,1.0,0.0,1.0,0.39359695,0.09792483
49.0,5.0,0.0,0.0,3.0,0.4288404,0.16650072
48.0,2.0,1.0,1.0,1.0,0.66195846,0.711591
31.0,0.0,0.0,0.0,3.0,0.35351086,0.04213055
18.0,1.0,0.0,0.0,2.0,0.5738499,0.017519496
30.0,2.0,0.0,0.0,2.0,0.7306967,0.057970412
62.0,1.0,0.0,0.0,0.0,0.56228137,0.48681292
57.0,2.0,0.0,0.0,0.0,0.49327403,0.19317576
58.0,0.0,0.0,0.0,1.0,0.30158728,0.17719522
22.0,0.0,1.0,0.0,2.0,0.29270917,0.008669404
31.0,1.0,0.0,1.0,0.0,0.59550714,0.9170075
52.0,1.0,1.0,0.0,3.0,0.38310462,0.13731611
25.0,0.0,0.0,0.0,0.0,0.20191014,0.03327479
59.0,1.0,1.0,0.0,0.0,0.2555824,0.18822649
19.0,0.0,1.0,0.0,1.0,0.39359695,0.008263385
39.0,2.0,1.0,0.0,2.0,0.7928437,0.08355175
32.0,1.0,0.0,0.0,2.0,0.20688725,0.26344368
19.0,0.0,1.0,0.0,3.0,0.12752223,0.0019304845
33.0,1.0,0.0,0.0,2.0,0.33118105,0.05838488
21.0,3.0,1.0,0.0,0.0,0.11501211,0.043725442
34.0,1.0,0.0,1.0,1.0,0.38337362,0.6835273
61.0,0.0,0.0,0.0,0.0,0.53672314,0.19974545
38.0,1.0,0.0,0.0,2.0,0.39628732,0.07749511
58.0,0.0,0.0,0.0,3.0,0.35082054,0.17112234
47.0,1.0,1.0,0.0,1.0,0.0971213,0.11662192
20.0,2.0,1.0,0.0,2.0,0.4081248,0.023058739
21.0,1.0,0.0,1.0,0.0,0.1584611,0.22725552
41.0,0.0,1.0,0.0,2.0,0.6537529,0.07322261
46.0,1.0,0.0,0.0,0.0,0.47793913,0.12294156
42.0,2.0,0.0,0.0,2.0,0.36373413,0.10404765
34.0,1.0,0.0,0.0,0.0,0.46516007,0.07139784
43.0,2.0,1.0,0.0,3.0,0.44767278,0.10087426
52.0,2.0,0.0,0.0,1.0,0.5801722,0.5163742
18.0,0.0,0.0,0.0,2.0,0.6241592,0.008159334
51.0,0.0,1.0,0.0,1.0,0.42171103,0.12853068
56.0,0.0,0.0,0.0,3.0,0.25127786,0.15880111
64.0,3.0,0.0,0.0,2.0,0.62119985,0.23884436
19.0,0.0,0.0,1.0,1.0,0.33225715,0.26093355
51.0,0.0,0.0,0.0,2.0,0.48802793,0.13027734
27.0,0.0,0.0,0.0,0.0,0.24791497,0.03889549
59.0,0.0,0.0,1.0,1.0,0.20702177,0.3919788
28.0,2.0,1.0,0.0,0.0,0.2964756,0.052885823
30.0,2.0,1.0,1.0,3.0,0.58757055,0.6084668
47.0,1.0,0.0,0.0,2.0,0.36077482,0.11853134
38.0,2.0,0.0,0.0,3.0,0.5068603,0.08698796
18.0,0.0,0.0,0.0,0.0,0.46260417,0.01733198
34.0,3.0,0.0,0.0,0.0,0.081786394,0.089884974
20.0,0.0,0.0,0.0,2.0,0.45843416,0.012102369
47.0,1.0,0.0,1.0,2.0,0.55609363,0.6679799
56.0,0.0,0.0,0.0,0.0,0.33992463,0.16818011
49.0,2.0,1.0,1.0,3.0,0.25934893,0.35411307
19.0,0.0,0.0,1.0,2.0,0.4613936,0.5318236
55.0,0.0,0.0,0.0,3.0,0.56873816,0.1531044
30.0,1.0,1.0,0.0,3.0,0.4153887,0.04050328
37.0,4.0,1.0,1.0,3.0,0.48802793,0.62348396
49.0,1.0,0.0,0.0,3.0,0.14366424,0.12865892
18.0,0.0,1.0,1.0,0.0,0.4728275,0.5346646
59.0,0.0,1.0,0.0,1.0,0.34503627,0.17570621
29.0,0.0,0.0,0.0,1.0,0.27091742,0.041734252
36.0,3.0,1.0,0.0,0.0,0.34759212,0.089814
33.0,1.0,1.0,0.0,2.0,0.71294045,0.16289029
58.0,0.0,1.0,0.0,3.0,0.5929513,0.16351658
44.0,0.0,0.0,1.0,1.0,0.61850953,0.66819704
53.0,1.0,1.0,0.0,3.0,0.5418347,0.14308345
24.0,0.0,1.0,0.0,3.0,0.35889155,0.01366258
29.0,0.0,0.0,0.0,2.0,0.5264998,0.035831563
40.0,2.0,1.0,0.0,0.0,0.18146354,0.09659418
51.0,1.0,1.0,0.0,3.0,0.63868713,0.1319978
64.0,0.0,1.0,0.0,0.0,0.5980629,0.21212074
19.0,1.0,0.0,0.0,1.0,0.23002422,0.025335584
35.0,2.0,0.0,0.0,0.0,0.59550714,0.37978804
39.0,0.0,1.0,1.0,0.0,0.28114069,0.30371726
56.0,4.0,1.0,0.0,2.0,0.47619045,0.18878776
33.0,5.0,1.0,0.0,3.0,0.71132636,0.08849955
42.0,3.0,1.0,1.0,1.0,0.33225715,0.5054479
61.0,0.0,1.0,0.0,0.0,0.48305082,0.19189575
23.0,3.0,0.0,0.0,1.0,0.51116484,0.053389058
43.0,2.0,1.0,0.0,2.0,0.5205811,0.28227738
48.0,3.0,1.0,0.0,0.0,0.39870864,0.14396599
39.0,1.0,1.0,0.0,1.0,0.276029,0.07983735
40.0,3.0,0.0,0.0,0.0,0.19935435,0.11381603
18.0,0.0,1.0,0.0,0.0,0.33736885,0.009423252
58.0,0.0,0.0,0.0,0.0,0.4574926,0.18051618
49.0,2.0,0.0,0.0,2.0,0.7188592,0.13853496
53.0,1.0,0.0,0.0,2.0,0.6359967,0.15096655
48.0,0.0,0.0,0.0,2.0,0.4081248,0.114268385
45.0,2.0,0.0,0.0,2.0,0.54721546,0.11820956
59.0,0.0,0.0,0.0,2.0,0.5176217,0.17754051
52.0,2.0,0.0,1.0,2.0,0.25127786,0.37583542
26.0,1.0,0.0,0.0,3.0,0.71132636,0.036528375
27.0,2.0,1.0,0.0,1.0,0.46260417,0.046877988
48.0,1.0,0.0,0.0,0.0,0.53672314,0.4033674
57.0,4.0,0.0,0.0,0.0,0.34503627,0.21185681
37.0,3.0,1.0,0.0,2.0,0.8224374,0.084818386
57.0,1.0,0.0,0.0,2.0,0.21576536,0.3363296
32.0,1.0,0.0,0.0,0.0,0.41915524,0.06427409
18.0,0.0,1.0,0.0,2.0,0.47619045,0.00023185648
64.0,0.0,0.0,1.0,2.0,0.18913102,0.41367337
43.0,2.0,1.0,1.0,2.0,0.5945655,0.66144466
49.0,1.0,1.0,0.0,3.0,0.34274954,0.12101767
40.0,2.0,0.0,1.0,1.0,0.45238096,0.6206281
62.0,0.0,1.0,1.0,0.0,0.4319343,0.7117216
40.0,1.0,0.0,0.0,2.0,0.3726123,0.08584973
30.0,3.0,1.0,0.0,2.0,0.4199623,0.05931036
29.0,0.0,0.0,0.0,0.0,0.4089319,0.04504049
36.0,0.0,1.0,0.0,2.0,0.36965293,0.052321352
41.0,0.0,0.0,0.0,2.0,0.40516543,0.08082304
44.0,2.0,0.0,1.0,2.0,0.7514124,0.71955544
45.0,0.0,1.0,0.0,1.0,0.14568198,0.09738313
55.0,3.0,0.0,0.0,2.0,0.6685499,0.18139169
60.0,3.0,1.0,1.0,1.0,0.41404355,0.71843076
56.0,3.0,1.0,0.0,3.0,0.5418347,0.17944026
49.0,2.0,0.0,0.0,1.0,0.19424266,0.14421576
21.0,1.0,0.0,0.0,3.0,0.038740903,0.0233588
19.0,0.0,1.0,0.0,3.0,0.11676079,0.001921609
39.0,2.0,1.0,1.0,3.0,0.520312,0.6222333
53.0,0.0,1.0,0.0,1.0,0.22491252,0.1395339
33.0,1.0,0.0,0.0,3.0,0.06833467,0.058168106
53.0,2.0,1.0,0.0,0.0,0.28114069,0.161576
42.0,2.0,1.0,0.0,0.0,0.2734732,0.105473645
40.0,0.0,1.0,0.0,2.0,0.69222486,0.06890622
47.0,1.0,0.0,0.0,3.0,0.21899378,0.40088245
27.0,1.0,1.0,1.0,2.0,0.4081248,0.5376755
21.0,0.0,1.0,0.0,0.0,0.30669892,0.015678562
47.0,1.0,1.0,0.0,3.0,0.54452515,0.11087743
20.0,1.0,1.0,0.0,1.0,0.44215763,0.019798622
24.0,0.0,1.0,0.0,1.0,0.20702177,0.019650806
27.0,1.0,0.0,0.0,3.0,0.5068603,0.039204814
26.0,0.0,0.0,0.0,1.0,0.6517353,0.033191048
53.0,2.0,0.0,0.0,0.0,0.43960178,0.44796896
41.0,1.0,1.0,1.0,2.0,0.5324186,0.62494284
56.0,0.0,1.0,0.0,1.0,0.47793913,0.15729606
23.0,2.0,0.0,0.0,2.0,0.6271186,0.037969563
21.0,0.0,0.0,0.0,2.0,0.5087435,0.014344756
50.0,0.0,0.0,0.0,0.0,0.7744148,0.13439769
53.0,0.0,1.0,0.0,2.0,0.6863061,0.13380095
34.0,1.0,0.0,0.0,1.0,0.28114069,0.06805366
47.0,1.0,0.0,0.0,1.0,0.36548287,0.1246487
33.0,2.0,0.0,0.0,3.0,0.4557439,0.06788926
51.0,0.0,0.0,1.0,2.0,0.5945655,0.6908145
49.0,3.0,1.0,0.0,1.0,0.34248048,0.14593422
31.0,3.0,0.0,0.0,0.0,0.39104116,0.07967234
36.0,0.0,0.0,0.0,0.0,0.31692225,0.069389194
18.0,1.0,1.0,0.0,2.0,0.5176217,0.009667678
50.0,2.0,0.0,0.0,2.0,0.20392793,0.14342463
43.0,2.0,0.0,0.0,1.0,0.3961528,0.11475069
20.0,0.0,1.0,0.0,0.0,0.6594027,0.013768543
24.0,0.0,0.0,0.0,3.0,0.1786387,0.021319374
60.0,0.0,1.0,0.0,3.0,0.34813017,0.17598325
49.0,1.0,0.0,0.0,1.0,0.17890775,0.13480148
60.0,1.0,1.0,0.0,1.0,0.22491252,0.19139674
51.0,2.0,0.0,0.0,1.0,0.5571697,0.15525115
58.0,0.0,0.0,0.0,1.0,0.47027165,0.17733431
51.0,0.0,0.0,0.0,0.0,0.6645143,0.13972878
53.0,3.0,1.0,0.0,3.0,0.55528647,0.16189787
62.0,0.0,1.0,0.0,3.0,0.5768093,0.18926987
19.0,0.0,1.0,0.0,3.0,0.52300245,0.0022566374
50.0,1.0,0.0,0.0,0.0,0.2990315,0.14340729
30.0,3.0,0.0,1.0,2.0,0.62119985,0.6354584
41.0,1.0,1.0,0.0,1.0,0.334813,0.0884747
29.0,1.0,0.0,1.0,0.0,0.15590525,0.24798405
18.0,0.0,0.0,0.0,0.0,0.65429103,0.017490067
41.0,1.0,0.0,0.0,2.0,0.5412968,0.090336956
35.0,3.0,1.0,1.0,2.0,0.2276029,0.29114994
53.0,1.0,1.0,0.0,3.0,0.14635456,0.1427573
24.0,3.0,0.0,0.0,3.0,0.3804143,0.04969073
48.0,1.0,0.0,0.0,0.0,0.30414307,0.13289014
59.0,3.0,0.0,0.0,3.0,0.4342211,0.20567667
49.0,1.0,0.0,0.0,1.0,0.50605327,0.13507125
37.0,0.0,0.0,1.0,2.0,0.6034436,0.62726337
26.0,2.0,1.0,0.0,3.0,0.20823246,0.03770968
23.0,3.0,1.0,1.0,0.0,0.42426682,0.55974513
29.0,2.0,1.0,1.0,3.0,0.5256927,0.69376826
45.0,2.0,1.0,0.0,0.0,0.21724504,0.11943785
27.0,0.0,1.0,1.0,2.0,0.354856,0.27334425
53.0,0.0,1.0,1.0,0.0,0.48816246,0.6725221
31.0,0.0,0.0,0.0,2.0,0.28679043,0.042075522
50.0,0.0,1.0,0.0,1.0,0.28114069,0.12299303
50.0,1.0,0.0,0.0,1.0,0.38081783,0.14028233
34.0,2.0,1.0,0.0,3.0,0.2970137,0.16945282
19.0,0.0,1.0,0.0,1.0,0.15590525,0.008067362
47.0,1.0,0.0,0.0,3.0,0.53914446,0.11867844
28.0,0.0,1.0,0.0,1.0,0.40126443,0.030976523
37.0,0.0,0.0,1.0,2.0,0.28087163,0.29397914
21.0,0.0,1.0,0.0,1.0,0.35014796,0.012521986
64.0,0.0,1.0,0.0,1.0,0.59039545,0.208922
58.0,0.0,0.0,0.0,2.0,0.18321228,0.17098412
24.0,4.0,1.0,0.0,0.0,0.47538334,0.25549755
31.0,2.0,1.0,0.0,0.0,0.3143664,0.062402003
39.0,3.0,0.0,0.0,0.0,0.18401933,0.10956263
47.0,0.0,0.0,1.0,2.0,0.3193435,0.3502642
30.0,3.0,1.0,0.0,0.0,0.57761633,0.068746254
18.0,0.0,1.0,1.0,2.0,0.59752476,0.5616398
22.0,2.0,0.0,0.0,0.0,0.50094163,0.04475577
23.0,1.0,1.0,0.0,3.0,0.5176217,0.020672161
33.0,1.0,1.0,1.0,3.0,0.29970407,0.2860242
27.0,0.0,1.0,0.0,0.0,0.27091742,0.031109013
45.0,2.0,0.0,0.0,0.0,0.24791497,0.12726861
57.0,0.0,0.0,0.0,1.0,0.42682272,0.17112526
47.0,1.0,1.0,0.0,3.0,0.43960178,0.1107909
42.0,1.0,0.0,0.0,3.0,0.35082054,0.09463535
64.0,0.0,0.0,0.0,3.0,0.63868713,0.21065381
38.0,2.0,0.0,0.0,1.0,0.09456551,0.092761405
61.0,3.0,1.0,0.0,3.0,0.5418347,0.42809308
53.0,2.0,0.0,0.0,3.0,0.2889427,0.16008201
44.0,0.0,0.0,0.0,0.0,0.55205804,0.18636242
19.0,0.0,0.0,1.0,1.0,0.34759212,0.26539528
41.0,2.0,1.0,0.0,1.0,0.4907183,0.09800493
51.0,3.0,1.0,0.0,2.0,0.46731234,0.1506598
40.0,2.0,1.0,0.0,1.0,0.43960178,0.09361465
45.0,0.0,1.0,0.0,0.0,0.6415119,0.10098445
35.0,3.0,1.0,0.0,2.0,0.49394667,0.076817505
53.0,0.0,1.0,0.0,1.0,0.34759212,0.13963509
30.0,3.0,1.0,1.0,3.0,0.22706479,0.2735473
18.0,0.0,1.0,0.0,2.0,0.677428,0.00039781816
51.0,1.0,1.0,0.0,2.0,0.53833735,0.13191503
50.0,1.0,0.0,1.0,3.0,0.31315577,0.3734865
31.0,1.0,0.0,0.0,2.0,0.35781544,0.051535748
35.0,3.0,0.0,0.0,3.0,0.3158461,0.084476076
60.0,0.0,1.0,0.0,0.0,0.5648372,0.18546784
21.0,0.0,1.0,0.0,1.0,0.56228137,0.012696931
29.0,3.0,1.0,0.0,0.0,0.17635185,0.065248184
62.0,0.0,0.0,0.0,2.0,0.37557167,0.19690937
39.0,0.0,0.0,0.0,2.0,0.69518423,0.072473355
19.0,0.0,1.0,0.0,3.0,0.31315577,0.0020835772
22.0,0.0,0.0,0.0,0.0,0.19424266,0.025699526
53.0,0.0,1.0,1.0,2.0,0.13290286,0.32042152
39.0,2.0,0.0,0.0,1.0,0.4293785,0.09717092
27.0,0.0,1.0,1.0,1.0,0.33736885,0.27436975
30.0,2.0,1.0,0.0,2.0,0.7602905,0.050189376
30.0,1.0,0.0,0.0,0.0,0.18657517,0.0574259
58.0,0.0,0.0,0.0,3.0,0.46112448,0.1712133
33.0,0.0,1.0,1.0,0.0,0.23769164,0.2678857
42.0,1.0,0.0,0.0,2.0,0.2749529,0.09457278
64.0,0.0,0.0,0.0,2.0,0.53833735,0.21057105
21.0,1.0,1.0,0.0,3.0,0.17056763,0.01566207
18.0,0.0,0.0,1.0,2.0,0.70702183,0.60130376
23.0,0.0,1.0,0.0,2.0,0.28383106,0.0110777
45.0,0.0,0.0,0.0,1.0,0.5341673,0.10550896
40.0,1.0,0.0,0.0,1.0,0.68496084,0.4366399
19.0,0.0,0.0,0.0,1.0,0.55461395,0.016201623
18.0,0.0,1.0,0.0,2.0,0.3814904,0.00015375763
25.0,1.0,1.0,0.0,0.0,0.26580572,0.034923688
46.0,3.0,0.0,0.0,3.0,0.39924663,0.13237411
33.0,3.0,0.0,0.0,1.0,0.72585404,0.08362714
54.0,2.0,1.0,0.0,2.0,0.13586223,0.1578941
28.0,2.0,1.0,0.0,0.0,0.17635185,0.052786753
36.0,2.0,1.0,0.0,2.0,0.4969061,0.0712296
20.0,0.0,0.0,0.0,2.0,0.41700292,0.012068203
24.0,0.0,0.0,0.0,1.0,0.22235674,0.027468897
23.0,3.0,1.0,0.0,3.0,0.56873816,0.039517622
47.0,1.0,0.0,1.0,0.0,0.2734732,0.35562563
33.0,0.0,0.0,1.0,1.0,0.5264998,0.8621671
45.0,1.0,1.0,0.0,3.0,0.4772666,0.100944765
26.0,0.0,1.0,0.0,1.0,0.04600483,0.024886053
18.0,0.0,0.0,0.0,2.0,0.4081248,0.00798117
44.0,2.0,0.0,0.0,2.0,0.3726123,0.11328801
60.0,0.0,1.0,0.0,1.0,0.22491252,0.1819951
64.0,2.0,0.0,0.0,0.0,0.42682272,0.23858827
56.0,2.0,1.0,1.0,2.0,0.4258811,0.6814521
36.0,1.0,1.0,1.0,0.0,0.32458967,0.31368247
41.0,3.0,1.0,1.0,0.0,0.39870864,0.61414874
39.0,1.0,1.0,0.0,1.0,0.1584611,0.0797404
63.0,0.0,1.0,0.0,3.0,0.46112448,0.1958845
36.0,0.0,0.0,0.0,1.0,0.26580572,0.06615462
28.0,2.0,0.0,0.0,1.0,0.21213341,0.05742929
58.0,0.0,1.0,0.0,1.0,0.49582994,0.16954997
36.0,1.0,1.0,0.0,1.0,0.48049498,0.06792789
42.0,2.0,1.0,0.0,2.0,0.53833735,0.096386194
36.0,0.0,1.0,0.0,3.0,0.41807908,0.052361287
56.0,0.0,0.0,0.0,0.0,0.33225715,0.16817379
35.0,2.0,0.0,0.0,0.0,0.20191014,0.08428634
59.0,0.0,0.0,0.0,1.0,0.41404355,0.18356857
21.0,0.0,1.0,0.0,3.0,0.4073177,0.0064556655
59.0,0.0,1.0,0.0,0.0,0.23513585,0.17880797
23.0,2.0,0.0,1.0,2.0,0.45251542,0.5570621
57.0,0.0,0.0,1.0,2.0,0.3726123,0.42159054
53.0,0.0,1.0,0.0,0.0,0.39104116,0.1428633
60.0,0.0,0.0,1.0,2.0,0.4436373,0.7005282
51.0,1.0,0.0,0.0,3.0,0.4907183,0.13968122
23.0,1.0,1.0,0.0,2.0,0.9260156,0.021008965
27.0,0.0,0.0,0.0,3.0,0.21899378,0.029565759
55.0,0.0,1.0,0.0,1.0,0.45238096,0.15131646
37.0,0.0,0.0,1.0,0.0,0.39870864,0.577001
61.0,2.0,1.0,0.0,1.0,0.43960178,0.2074708
46.0,0.0,0.0,1.0,0.0,0.5264998,0.65428144
53.0,2.0,0.0,0.0,0.0,0.20957762,0.16932243
49.0,3.0,0.0,1.0,0.0,0.21213341,0.36688855
20.0,0.0,0.0,0.0,3.0,0.3669626,0.012026934
48.0,0.0,0.0,1.0,2.0,0.4613936,0.6361246
25.0,0.0,1.0,1.0,1.0,0.21980089,0.23458022
25.0,1.0,0.0,0.0,2.0,0.43771857,0.27289197
57.0,0.0,1.0,0.0,3.0,0.32660747,0.15712368
37.0,2.0,0.0,1.0,3.0,0.85122406,0.7181592
38.0,3.0,0.0,0.0,3.0,0.3239171,0.09623873
55.0,2.0,0.0,0.0,1.0,0.4728275,0.17794207
36.0,0.0,0.0,0.0,0.0,0.10478878,0.06921424
51.0,0.0,1.0,0.0,3.0,0.25396824,0.12227888
40.0,2.0,1.0,0.0,3.0,0.37503362,0.087447934
18.0,0.0,1.0,0.0,2.0,0.5738499,0.0003123954
57.0,1.0,1.0,0.0,3.0,0.7463007,0.16687146
61.0,0.0,1.0,0.0,0.0,0.20702177,0.1916681
25.0,3.0,0.0,0.0,3.0,0.22437447,0.05219239
50.0,0.0,1.0,0.0,3.0,0.54452515,0.117096774
26.0,1.0,0.0,0.0,2.0,0.36373413,0.036241718
42.0,0.0,1.0,0.0,2.0,0.23944038,0.07733639
43.0,1.0,1.0,0.0,3.0,0.3804143,0.09141714
44.0,3.0,1.0,0.0,0.0,0.1584611,0.124013476
23.0,0.0,0.0,0.0,1.0,0.32714552,0.025032338
49.0,1.0,0.0,0.0,3.0,0.29970407,0.39934656
33.0,5.0,1.0,0.0,2.0,0.47027165,0.08830075
41.0,1.0,1.0,0.0,3.0,0.34543985,0.08236999
37.0,2.0,0.0,0.0,3.0,0.36427224,0.08284434
22.0,3.0,1.0,0.0,3.0,0.5068603,0.037050974
23.0,1.0,1.0,0.0,1.0,0.30669892,0.026611682
21.0,0.0,0.0,0.0,0.0,0.16612858,0.023368083
51.0,3.0,0.0,1.0,0.0,0.567393,0.7204194
25.0,4.0,1.0,0.0,1.0,0.28880817,0.059955202
32.0,1.0,1.0,1.0,2.0,0.34893727,0.29685953
57.0,0.0,1.0,1.0,0.0,0.35014796,0.4165549
36.0,0.0,0.0,0.0,1.0,0.37826204,0.06624737
22.0,0.0,1.0,0.0,3.0,0.6333064,0.008950295
57.0,1.0,1.0,0.0,1.0,0.47538334,0.1727615
64.0,0.0,0.0,1.0,1.0,0.2939198,0.45027548
36.0,4.0,0.0,0.0,2.0,0.3518967,0.09771876
54.0,0.0,1.0,0.0,0.0,0.21724504,0.14846382
47.0,2.0,1.0,1.0,2.0,0.6182405,0.68765795
62.0,0.0,1.0,0.0,0.0,0.43449014,0.19845837
61.0,0.0,0.0,0.0,3.0,0.75437176,0.19061905
43.0,2.0,0.0,1.0,0.0,0.109900475,0.2981103
19.0,1.0,1.0,0.0,1.0,0.2581383,0.017553326
18.0,0.0,0.0,0.0,2.0,0.6537529,0.008183738
19.0,0.0,0.0,0.0,1.0,0.17635185,0.01588967
49.0,0.0,1.0,0.0,0.0,0.17635185,0.12078466
60.0,0.0,1.0,1.0,2.0,0.67150915,0.7590228
26.0,3.0,1.0,0.0,0.0,0.30414307,0.056496307
49.0,0.0,1.0,0.0,2.0,0.5620123,0.11179683
60.0,0.0,0.0,0.0,3.0,0.5149313,0.18392625
26.0,2.0,0.0,0.0,0.0,0.36037123,0.054946475
27.0,3.0,1.0,0.0,0.0,0.44726926,0.059459403
44.0,1.0,0.0,0.0,2.0,0.44067794,0.10394248
63.0,3.0,1.0,0.0,3.0,0.64137745,0.22423813
32.0,0.0,0.0,1.0,3.0,0.23244554,0.26136968
22.0,1.0,1.0,0.0,1.0,0.33225715,0.024217144
18.0,0.0,1.0,1.0,0.0,0.42426682,0.5205357
59.0,3.0,0.0,0.0,1.0,0.28880817,0.21167025
44.0,1.0,0.0,0.0,3.0,0.3104654,0.1038351
33.0,2.0,1.0,0.0,1.0,0.23258,0.06601323
24.0,0.0,0.0,0.0,2.0,0.48506862,0.021572087
43.0,0.0,0.0,1.0,1.0,0.2939198,0.32965562
45.0,0.0,1.0,1.0,0.0,0.18657517,0.541872
61.0,0.0,0.0,0.0,3.0,0.32929784,0.19026849
35.0,1.0,0.0,0.0,2.0,0.4909873,0.06581721
62.0,0.0,0.0,0.0,3.0,0.24320686,0.1968002
62.0,0.0,0.0,0.0,3.0,0.4638149,0.19698212
38.0,1.0,1.0,0.0,3.0,0.40462738,0.06969655
34.0,0.0,1.0,0.0,1.0,0.5341673,0.05105523
43.0,0.0,1.0,0.0,3.0,0.19478077,0.0818624
50.0,2.0,1.0,0.0,0.0,0.43449014,0.38646474
19.0,2.0,0.0,0.0,3.0,0.2001614,0.028599143
57.0,1.0,0.0,0.0,3.0,0.11138016,0.1741533
62.0,0.0,0.0,0.0,2.0,0.6241592,0.19711438
41.0,1.0,1.0,0.0,2.0,0.4909873,0.08249003
26.0,1.0,1.0,0.0,2.0,0.8224374,0.028814562
39.0,1.0,0.0,0.0,3.0,0.44498247,0.08166866
46.0,5.0,1.0,0.0,3.0,0.26472956,0.14326102
45.0,0.0,0.0,0.0,3.0,0.520312,0.09938406
32.0,2.0,1.0,0.0,2.0,0.5708904,0.056689546
59.0,0.0,0.0,0.0,3.0,0.3104654,0.17736968
44.0,2.0,1.0,0.0,0.0,0.37059456,0.49461296
39.0,5.0,0.0,0.0,1.0,0.22235674,0.12520516
18.0,2.0,1.0,0.0,2.0,0.2749529,0.018869203
53.0,0.0,1.0,0.0,2.0,0.36373413,0.13353494
18.0,0.0,1.0,0.0,2.0,0.1950497,0.0
50.0,1.0,0.0,0.0,2.0,0.8105999,0.1345233
18.0,0.0,0.0,0.0,0.0,0.6517353,0.017487958
19.0,0.0,1.0,0.0,1.0,0.17890775,0.008086331
62.0,0.0,1.0,0.0,2.0,0.6448748,0.18932602
56.0,1.0,0.0,0.0,3.0,0.5337637,0.16843572
42.0,2.0,1.0,0.0,3.0,0.5337637,0.09638243
37.0,1.0,1.0,1.0,0.0,0.4907183,0.60536766
42.0,0.0,1.0,0.0,1.0,0.4114877,0.08359175
25.0,3.0,1.0,1.0,3.0,0.36965293,0.30027163
57.0,0.0,1.0,0.0,0.0,0.06389558,0.16621292
51.0,2.0,1.0,1.0,2.0,0.72477806,0.7396981
30.0,1.0,0.0,0.0,1.0,0.334813,0.054355748
44.0,2.0,1.0,1.0,3.0,0.38310462,0.6045897
34.0,1.0,1.0,1.0,1.0,0.31947803,0.30148754
31.0,1.0,1.0,0.0,2.0,0.63303745,0.04395728
54.0,1.0,1.0,1.0,2.0,0.39924663,0.6524914
24.0,1.0,1.0,0.0,1.0,0.291364,0.18337235
43.0,1.0,1.0,1.0,0.0,0.51116484,0.63708323
48.0,1.0,1.0,0.0,1.0,0.5571697,0.43651518
19.0,1.0,0.0,0.0,1.0,0.63640034,0.025670726
29.0,0.0,0.0,0.0,3.0,0.26741993,0.0356179
63.0,1.0,0.0,0.0,2.0,0.5176217,0.2131382
46.0,3.0,1.0,0.0,0.0,0.23769164,0.13374129
52.0,2.0,1.0,0.0,1.0,0.5597255,0.40456197
35.0,1.0,1.0,0.0,3.0,0.29970407,0.05785401
51.0,2.0,1.0,1.0,1.0,0.23769164,0.36466137
44.0,1.0,1.0,0.0,1.0,0.2530266,0.10209575
21.0,2.0,1.0,0.0,0.0,0.26324993,0.034446042
39.0,5.0,0.0,0.0,2.0,0.49394667,0.11931566
50.0,3.0,0.0,0.0,2.0,0.32822168,0.1529288
34.0,0.0,0.0,0.0,0.0,0.20446593,0.06178119
22.0,0.0,0.0,0.0,1.0,0.11501211,0.02244177
19.0,0.0,0.0,0.0,3.0,0.6602098,0.010175239
26.0,0.0,1.0,0.0,2.0,0.5235404,0.01916641
29.0,0.0,1.0,1.0,0.0,0.18657517,0.23970047
48.0,0.0,1.0,0.0,2.0,0.6507937,0.106663056
26.0,1.0,1.0,0.0,2.0,0.354856,0.02842895
45.0,3.0,0.0,0.0,0.0,0.6466235,0.13699907
36.0,0.0,0.0,0.0,2.0,0.37557167,0.060131676
54.0,1.0,1.0,0.0,0.0,0.2555824,0.38939828
34.0,0.0,1.0,0.0,0.0,0.14568198,0.053927265
31.0,3.0,1.0,1.0,3.0,0.26741993,0.28856322
27.0,1.0,0.0,0.0,0.0,0.39359695,0.25019792
20.0,5.0,1.0,0.0,0.0,0.38081783,0.06054706
44.0,1.0,0.0,0.0,3.0,0.26472956,0.103797376
43.0,3.0,1.0,0.0,1.0,0.38081783,0.11633425
45.0,1.0,0.0,0.0,1.0,0.3143664,0.43446037
34.0,0.0,1.0,0.0,0.0,0.50349736,0.054222353
24.0,0.0,0.0,1.0,0.0,0.12267959,0.21468997
26.0,1.0,0.0,0.0,3.0,0.103309095,0.036026943
38.0,2.0,0.0,0.0,0.0,0.31947803,0.096139304
50.0,2.0,0.0,0.0,3.0,0.4207694,0.14360347
38.0,1.0,1.0,0.0,2.0,0.33118105,0.06963597
27.0,3.0,0.0,1.0,1.0,0.109900475,0.24419749
39.0,3.0,0.0,0.0,0.0,0.19679844,0.10957318
39.0,3.0,0.0,0.0,3.0,0.48802793,0.10050747
63.0,0.0,0.0,0.0,2.0,0.5620123,0.20377317
33.0,3.0,0.0,0.0,0.0,0.54694647,0.08667201
36.0,0.0,0.0,0.0,1.0,0.2939198,0.066177815
30.0,2.0,1.0,1.0,1.0,0.18913102,0.25922212
24.0,0.0,1.0,1.0,3.0,0.45036316,0.53235006
24.0,0.0,1.0,0.0,3.0,0.26472956,0.013584927
48.0,0.0,1.0,0.0,3.0,0.3669626,0.32100195
47.0,1.0,1.0,0.0,0.0,0.08689803,0.11980591
29.0,2.0,1.0,0.0,1.0,0.42426682,0.052858576
28.0,2.0,1.0,0.0,0.0,0.35781544,0.052936405
47.0,3.0,1.0,1.0,1.0,0.32970136,0.3797908
25.0,2.0,1.0,0.0,0.0,0.24280334,0.3530744
51.0,1.0,1.0,0.0,0.0,0.31692225,0.14103833
48.0,0.0,0.0,0.0,3.0,0.18401933,0.11408355
43.0,2.0,1.0,1.0,2.0,0.11218721,0.28166434
61.0,4.0,0.0,0.0,2.0,0.46731234,0.5659892
48.0,1.0,1.0,0.0,1.0,0.43960178,0.12200401
38.0,0.0,0.0,0.0,3.0,0.31315577,0.0680249
59.0,0.0,1.0,0.0,1.0,0.2555824,0.17563242
19.0,1.0,0.0,0.0,1.0,0.23258,0.025337692
26.0,2.0,0.0,0.0,3.0,0.4907183,0.045748092
54.0,3.0,0.0,0.0,1.0,0.5341673,0.18154317
21.0,2.0,0.0,0.0,1.0,0.4498251,0.39740863
51.0,0.0,1.0,0.0,3.0,0.56604785,0.12253625
22.0,3.0,0.0,1.0,2.0,0.40516543,0.5502715
47.0,1.0,1.0,1.0,2.0,0.5412968,0.65586925
18.0,1.0,1.0,0.0,2.0,0.19800913,0.009404095
47.0,1.0,0.0,0.0,2.0,0.7898842,0.11888521
21.0,0.0,0.0,0.0,3.0,0.5014796,0.014338765
19.0,1.0,1.0,1.0,1.0,0.27091742,0.24468276
23.0,0.0,1.0,0.0,1.0,0.07411891,0.32679936
54.0,0.0,1.0,0.0,3.0,0.4207694,0.13932577
37.0,2.0,0.0,0.0,0.0,0.035781562,0.09187931
46.0,1.0,0.0,1.0,1.0,0.20702177,0.32810667
55.0,0.0,0.0,1.0,2.0,0.5176217,0.691188
30.0,0.0,0.0,0.0,0.0,0.32203388,0.04813596
18.0,0.0,1.0,1.0,0.0,0.15079367,0.20153692
61.0,0.0,1.0,0.0,1.0,0.60317457,0.18880239
54.0,3.0,0.0,0.0,3.0,0.18940002,0.17514536
22.0,2.0,1.0,1.0,2.0,0.56793106,0.58042157
45.0,1.0,0.0,1.0,1.0,0.39104116,0.61619365
22.0,0.0,1.0,0.0,0.0,0.34759212,0.018020548
19.0,2.0,1.0,0.0,1.0,0.30414307,0.34113774
35.0,0.0,0.0,1.0,1.0,0.32458967,0.30508256
18.0,0.0,1.0,0.0,0.0,0.19168681,0.009303108
20.0,0.0,1.0,1.0,0.0,0.3961528,0.5164355
28.0,0.0,0.0,0.0,3.0,0.26472956,0.0325559
55.0,1.0,1.0,0.0,0.0,0.5188323,0.16396534
43.0,2.0,0.0,1.0,1.0,0.23513585,0.33135554
43.0,0.0,0.0,0.0,0.0,0.24535912,0.09901544
22.0,1.0,1.0,1.0,2.0,0.98520315,0.6924265
25.0,1.0,0.0,0.0,1.0,0.17635185,0.03946295
49.0,0.0,1.0,1.0,3.0,0.401937,0.6162271
44.0,1.0,0.0,0.0,1.0,0.5648372,0.11015835
64.0,0.0,1.0,0.0,0.0,0.28114069,0.21185938
49.0,1.0,1.0,0.0,0.0,0.37315035,0.13034862
47.0,3.0,1.0,1.0,3.0,0.37234324,0.38608414
27.0,0.0,0.0,0.0,1.0,0.14823776,0.035620872
55.0,0.0,1.0,0.0,1.0,0.3143664,0.15120265
48.0,0.0,0.0,0.0,3.0,0.34813017,0.1142189
45.0,0.0,0.0,0.0,2.0,0.4258811,0.2682812
24.0,0.0,0.0,0.0,2.0,0.63303745,0.021694116
32.0,1.0,1.0,0.0,1.0,0.48049498,0.053326808
24.0,0.0,1.0,0.0,2.0,0.43179977,0.01372271
57.0,1.0,1.0,0.0,2.0,0.32230294,0.16652179
59.0,1.0,1.0,1.0,2.0,0.677428,0.76375854
36.0,3.0,1.0,0.0,1.0,0.33992463,0.08661526
29.0,4.0,0.0,0.0,3.0,0.25934893,0.07321786
42.0,1.0,0.0,0.0,3.0,0.25127786,0.094553255
48.0,2.0,1.0,0.0,2.0,0.5738499,0.12540293
39.0,0.0,1.0,0.0,0.0,0.7181866,0.07399276
63.0,1.0,1.0,0.0,1.0,0.15334946,0.21114582
54.0,1.0,0.0,0.0,2.0,0.4288404,0.1565395
37.0,1.0,1.0,1.0,2.0,0.56793106,0.61852705
63.0,0.0,1.0,0.0,0.0,0.4165994,0.20515367
21.0,0.0,1.0,0.0,1.0,0.4114877,0.0125725735
54.0,2.0,0.0,0.0,0.0,0.34759212,0.17518005
60.0,0.0,0.0,0.0,0.0,0.06389558,0.19286019
32.0,1.0,0.0,0.0,2.0,0.36669356,0.054924943
47.0,1.0,0.0,0.0,3.0,0.43153077,0.11858969
21.0,0.0,1.0,0.0,0.0,0.27091742,0.015649054
28.0,0.0,1.0,1.0,2.0,0.42292172,0.53553146
63.0,3.0,1.0,0.0,2.0,0.47619045,0.2241019
18.0,2.0,1.0,0.0,2.0,0.15657789,0.17178649
32.0,1.0,1.0,0.0,1.0,0.31947803,0.053194024
38.0,1.0,1.0,0.0,1.0,0.10734463,0.07556485
32.0,1.0,1.0,0.0,3.0,0.41807908,0.04716187
62.0,2.0,0.0,0.0,1.0,0.39104116,0.22183889
39.0,5.0,0.0,1.0,3.0,0.06295398,0.285743
55.0,0.0,1.0,0.0,0.0,0.35014796,0.15442458
57.0,0.0,1.0,0.0,1.0,0.41915524,0.16331348
52.0,1.0,1.0,0.0,2.0,0.8549906,0.13770527
56.0,0.0,1.0,0.0,3.0,0.165187,0.15092468
47.0,0.0,1.0,1.0,2.0,0.54425603,0.6473287
55.0,0.0,0.0,0.0,0.0,0.37315035,0.162249
23.0,3.0,1.0,0.0,3.0,0.45036316,0.039419997
22.0,0.0,0.0,1.0,1.0,0.3884853,0.5233268
50.0,4.0,0.0,0.0,3.0,0.4772666,0.16245335
18.0,4.0,0.0,0.0,0.0,0.41404355,0.054898545
51.0,2.0,0.0,1.0,0.0,0.51116484,0.69465804
22.0,0.0,1.0,0.0,2.0,0.47914982,0.008823162
52.0,0.0,0.0,0.0,0.0,0.40126443,0.3499473
25.0,1.0,0.0,0.0,2.0,0.48506862,0.03360408
33.0,2.0,0.0,1.0,0.0,0.08434218,0.24987698
53.0,3.0,1.0,0.0,3.0,0.34005916,0.16172037
29.0,1.0,1.0,0.0,2.0,0.6182405,0.03750343
58.0,0.0,1.0,0.0,2.0,0.5412968,0.163474
37.0,0.0,1.0,0.0,3.0,0.37234324,0.3080475
54.0,0.0,0.0,0.0,2.0,0.41108418,0.14712322
49.0,0.0,0.0,0.0,1.0,0.3757062,0.1255621
50.0,2.0,0.0,0.0,1.0,0.276029,0.14959756
26.0,1.0,1.0,0.0,3.0,0.37772393,0.028447807
45.0,3.0,1.0,0.0,2.0,0.11810601,0.11945187
54.0,1.0,0.0,0.0,0.0,0.43960178,0.16585428
38.0,3.0,1.0,1.0,2.0,0.6034436,0.6516889
48.0,3.0,0.0,1.0,2.0,0.26607478,0.3680701
28.0,3.0,0.0,0.0,1.0,0.2785849,0.066885754
23.0,0.0,1.0,0.0,0.0,0.23002422,0.020339206
55.0,1.0,1.0,0.0,2.0,0.449556,0.15460232
41.0,5.0,1.0,0.0,0.0,0.3680387,0.12930113
25.0,2.0,1.0,1.0,2.0,0.46731234,0.55871516
33.0,1.0,1.0,1.0,2.0,0.5324186,0.5931641
30.0,3.0,0.0,0.0,1.0,0.10734463,0.07297146
23.0,0.0,0.0,1.0,3.0,0.4153887,0.52745664
46.0,2.0,1.0,0.0,2.0,0.59752476,0.11533051
53.0,3.0,0.0,1.0,1.0,0.56228137,0.7269053
27.0,1.0,0.0,0.0,0.0,0.44215763,0.28383127
23.0,1.0,0.0,1.0,0.0,0.72074246,0.6350078
63.0,0.0,0.0,0.0,1.0,0.24535912,0.20962548
55.0,0.0,1.0,0.0,3.0,0.37503362,0.14513922
35.0,2.0,0.0,0.0,2.0,0.535378,0.07525547
34.0,1.0,1.0,0.0,3.0,0.45305347,0.21128166
19.0,0.0,0.0,0.0,3.0,0.071025014,0.0096893385
39.0,5.0,0.0,0.0,2.0,0.21280605,0.119083814
27.0,2.0,1.0,0.0,3.0,0.8054882,0.041047297
57.0,0.0,1.0,0.0,0.0,0.65429103,0.3126512
52.0,0.0,0.0,0.0,1.0,0.06389558,0.14157012
28.0,0.0,1.0,0.0,1.0,0.48049498,0.29611954
50.0,3.0,0.0,0.0,1.0,0.32714552,0.15904137
44.0,1.0,0.0,0.0,3.0,0.24320686,0.10377963
26.0,0.0,0.0,0.0,1.0,0.16868442,0.032792673
33.0,0.0,1.0,0.0,2.0,0.38444978,0.041221708
19.0,0.0,0.0,1.0,1.0,0.44471347,0.57107234
50.0,1.0,1.0,0.0,2.0,0.56793106,0.12651774
41.0,3.0,0.0,0.0,3.0,0.44767278,0.10906305
52.0,0.0,0.0,0.0,2.0,0.23944038,0.41495162
39.0,2.0,1.0,0.0,2.0,0.44067794,0.083261326
50.0,2.0,1.0,0.0,3.0,0.43960178,0.13581356
52.0,3.0,1.0,0.0,1.0,0.45238096,0.16229
60.0,0.0,1.0,1.0,3.0,0.45305347,0.8215505
20.0,0.0,0.0,0.0,1.0,0.4293785,0.018191878
55.0,1.0,1.0,0.0,3.0,0.14904493,0.15435448
42.0,0.0,1.0,0.0,3.0,0.48802793,0.0775414
18.0,0.0,0.0,0.0,0.0,0.38592947,0.017268743
58.0,0.0,0.0,0.0,1.0,0.55205804,0.17740178
43.0,3.0,0.0,1.0,2.0,0.44659674,0.6355998
35.0,1.0,0.0,0.0,1.0,0.5341673,0.07196629
48.0,4.0,0.0,0.0,1.0,0.32203388,0.15791747
36.0,3.0,0.0,0.0,0.0,0.16612858,0.09746979
19.0,0.0,1.0,1.0,2.0,0.77804685,0.61614937
23.0,2.0,0.0,0.0,1.0,0.19424266,0.21236244
20.0,0.0,0.0,0.0,0.0,0.39359695,0.021354783
32.0,0.0,0.0,0.0,3.0,0.6763518,0.045778662
43.0,1.0,0.0,0.0,1.0,0.50094163,0.10543546
34.0,2.0,1.0,0.0,2.0,0.70406234,0.06388518
30.0,1.0,1.0,0.0,2.0,0.6152811,0.28478387
18.0,0.0,0.0,0.0,0.0,0.32970136,0.017222375
41.0,1.0,0.0,0.0,1.0,0.33225715,0.096278034
35.0,0.0,0.0,0.0,0.0,0.2734732,0.06554205
57.0,0.0,1.0,0.0,2.0,0.6567123,0.15739593
29.0,2.0,0.0,0.0,3.0,0.23244554,0.05439236
32.0,2.0,1.0,0.0,3.0,0.5176217,0.056645617
37.0,1.0,0.0,0.0,1.0,0.48816246,0.07965832
18.0,1.0,1.0,1.0,0.0,0.30669892,0.25629973
43.0,2.0,0.0,1.0,3.0,0.2889427,0.34089732
56.0,0.0,0.0,0.0,2.0,0.6981436,0.15916964
38.0,2.0,1.0,0.0,1.0,0.35781544,0.08517306
29.0,2.0,1.0,0.0,1.0,0.43449014,0.05286701
22.0,0.0,0.0,0.0,3.0,0.29970407,0.016480621
52.0,1.0,0.0,1.0,1.0,0.21980089,0.36338887
40.0,1.0,0.0,0.0,3.0,0.30777508,0.08579627
23.0,0.0,0.0,0.0,0.0,0.5086091,0.0283744
31.0,0.0,1.0,1.0,2.0,0.3726123,0.29096434
42.0,1.0,0.0,0.0,0.0,0.6824051,0.10421469
24.0,0.0,0.0,0.0,1.0,0.3757062,0.027595367
25.0,0.0,0.0,0.0,3.0,0.38579494,0.024120554
48.0,1.0,0.0,0.0,0.0,0.30669892,0.13289228
23.0,1.0,0.0,1.0,2.0,0.3370998,0.27464902
45.0,2.0,1.0,0.0,0.0,0.20446593,0.119427316
20.0,3.0,1.0,1.0,1.0,0.52905566,0.5801166
62.0,0.0,0.0,0.0,1.0,0.4498251,0.20308405
43.0,1.0,0.0,1.0,0.0,0.25047082,0.32960805
23.0,0.0,0.0,0.0,3.0,0.3239171,0.1916214
31.0,2.0,0.0,0.0,1.0,0.45238096,0.06712887
41.0,1.0,0.0,0.0,0.0,0.15590525,0.20117939
58.0,1.0,0.0,0.0,0.0,0.44215763,0.1899052
48.0,0.0,0.0,0.0,1.0,0.55461395,0.12050266
31.0,0.0,0.0,0.0,1.0,0.15590525,0.048081055
19.0,3.0,0.0,0.0,1.0,0.32203388,0.2827971
19.0,0.0,0.0,1.0,1.0,0.37826204,0.51374966
41.0,0.0,1.0,0.0,2.0,0.47323102,0.07307372
40.0,1.0,1.0,0.0,1.0,0.36037123,0.08414766
31.0,2.0,0.0,0.0,3.0,0.26472956,0.06086064
37.0,2.0,1.0,0.0,1.0,0.22491252,0.08103743
46.0,2.0,1.0,0.0,1.0,0.6568469,0.121492915
22.0,0.0,1.0,0.0,1.0,0.43449014,0.014899801
51.0,1.0,1.0,0.0,0.0,0.43960178,0.1411395
18.0,3.0,0.0,1.0,2.0,0.30454665,0.2729764
35.0,1.0,1.0,0.0,1.0,0.051116496,0.06376246
59.0,2.0,0.0,0.0,3.0,0.5068603,0.5712619
36.0,2.0,1.0,1.0,3.0,0.4691956,0.5952826
37.0,1.0,0.0,1.0,0.0,0.2581383,0.30607232
59.0,1.0,1.0,0.0,3.0,0.56873816,0.17917886
36.0,1.0,1.0,0.0,1.0,0.40126443,0.06786254
39.0,2.0,1.0,0.0,2.0,0.48802793,0.35820684
18.0,0.0,1.0,0.0,0.0,0.14823776,0.009267274
52.0,2.0,0.0,0.0,3.0,0.46650517,0.15459198
27.0,1.0,0.0,0.0,1.0,0.4114877,0.045239627
18.0,0.0,1.0,0.0,0.0,0.6236211,0.18784446
40.0,0.0,1.0,0.0,2.0,0.24535912,0.06853769
29.0,2.0,1.0,0.0,2.0,0.5738499,0.046868473
46.0,1.0,0.0,1.0,3.0,0.5014796,0.6470975
38.0,3.0,0.0,0.0,1.0,0.38337362,0.10240124
30.0,1.0,0.0,0.0,0.0,0.16101694,0.05740483
40.0,2.0,1.0,0.0,2.0,0.24239975,0.08733855
50.0,0.0,1.0,0.0,2.0,0.25127786,0.11685493
20.0,0.0,0.0,1.0,2.0,0.2276029,0.39911214
41.0,1.0,1.0,0.0,0.0,0.21468925,0.09156804
33.0,1.0,0.0,0.0,2.0,0.64191544,0.058641143
38.0,2.0,1.0,0.0,0.0,0.023002416,0.088089354
42.0,2.0,1.0,0.0,2.0,0.5708904,0.096413046
56.0,0.0,1.0,0.0,2.0,0.4969061,0.15119824
58.0,0.0,1.0,0.0,0.0,0.38592947,0.17265174
52.0,3.0,1.0,1.0,1.0,0.4983858,0.9401577
20.0,0.0,0.0,1.0,3.0,0.15711594,0.30400482
54.0,3.0,0.0,0.0,1.0,0.23258,0.18129444
58.0,0.0,1.0,0.0,3.0,0.19747102,0.16319042
45.0,2.0,0.0,0.0,2.0,0.3193435,0.11802163
26.0,0.0,1.0,0.0,1.0,0.40637612,0.025183253
63.0,0.0,0.0,0.0,0.0,0.15334946,0.21274203
58.0,0.0,0.0,0.0,1.0,0.32970136,0.1772184
37.0,3.0,1.0,0.0,0.0,0.18146354,0.093595654
25.0,1.0,0.0,0.0,2.0,0.70406234,0.033784688
52.0,2.0,1.0,1.0,2.0,0.69518423,0.7366168
64.0,2.0,1.0,1.0,2.0,0.5649717,0.7734542
22.0,3.0,0.0,0.0,1.0,0.14312619,0.050669916
28.0,0.0,0.0,0.0,2.0,0.4613936,0.03271809
18.0,0.0,1.0,0.0,2.0,0.46731234,0.00022453442
28.0,5.0,1.0,0.0,3.0,0.22437447,0.071725436
45.0,3.0,0.0,0.0,3.0,0.2620393,0.12737602
33.0,4.0,1.0,0.0,3.0,0.36158186,0.07880946
18.0,0.0,0.0,0.0,2.0,0.64191544,0.008173976
32.0,1.0,1.0,1.0,0.0,0.47538334,0.58238614
24.0,0.0,1.0,1.0,0.0,0.37315035,0.2797598
19.0,0.0,1.0,0.0,3.0,0.103309095,0.0019105151
20.0,0.0,1.0,1.0,3.0,0.3050847,0.24120227
40.0,4.0,0.0,0.0,3.0,0.35889155,0.23475316
34.0,0.0,0.0,0.0,2.0,0.31638414,0.05256761
42.0,0.0,0.0,0.0,3.0,0.590261,0.085431166
51.0,3.0,0.0,0.0,1.0,0.5495022,0.16464648
54.0,1.0,0.0,0.0,1.0,0.3143664,0.16255859
55.0,3.0,1.0,0.0,1.0,0.58528376,0.46196926
52.0,0.0,0.0,0.0,0.0,0.19424266,0.14487004
32.0,0.0,0.0,0.0,0.0,0.12267959,0.054627925
28.0,1.0,1.0,0.0,3.0,0.56873816,0.034402817
41.0,1.0,0.0,0.0,2.0,0.32526225,0.0901588
43.0,1.0,0.0,0.0,3.0,0.37503362,0.09921815
49.0,2.0,0.0,0.0,0.0,0.46771592,0.1476337
64.0,0.0,1.0,1.0,2.0,0.20984662,0.41189522
55.0,0.0,0.0,0.0,3.0,0.39117563,0.15295798
24.0,0.0,1.0,1.0,0.0,0.40637612,0.5288578
20.0,0.0,0.0,0.0,3.0,0.46650517,0.012109028
45.0,3.0,1.0,0.0,3.0,0.3104654,0.11961051
26.0,1.0,1.0,0.0,1.0,0.48305082,0.03464814
25.0,0.0,0.0,0.0,1.0,0.4983858,0.030326877
43.0,5.0,1.0,0.0,2.0,0.25719666,0.21319655
35.0,1.0,1.0,0.0,2.0,0.31342483,0.05786532
26.0,0.0,1.0,1.0,2.0,0.2986279,0.25413942
57.0,0.0,1.0,0.0,3.0,0.20823246,0.15702605
22.0,0.0,0.0,0.0,0.0,0.3884853,0.025859717
32.0,0.0,0.0,0.0,1.0,0.37059456,0.051639967
39.0,1.0,1.0,1.0,0.0,0.3757062,0.34063306
25.0,2.0,0.0,0.0,1.0,0.291364,0.048959456
48.0,0.0,0.0,0.0,2.0,0.46731234,0.114317186
47.0,2.0,0.0,1.0,1.0,0.3143664,0.37373286
18.0,0.0,0.0,1.0,0.0,0.15334946,0.21008602
18.0,1.0,1.0,0.0,2.0,0.37853104,0.0095529705
61.0,1.0,1.0,1.0,3.0,0.54721546,0.7387561
47.0,0.0,0.0,0.0,0.0,0.22491252,0.11832353
28.0,0.0,0.0,0.0,0.0,0.035781562,0.041672964
36.0,1.0,0.0,0.0,3.0,0.26741993,0.06944414
20.0,2.0,1.0,1.0,3.0,0.63061607,0.5941508
44.0,1.0,1.0,0.0,2.0,0.49394667,0.09618097
38.0,2.0,0.0,0.0,0.0,0.10734463,0.09596436
19.0,0.0,1.0,1.0,3.0,0.5095507,0.53802955
21.0,0.0,1.0,0.0,2.0,0.1950497,0.0062806066
46.0,3.0,1.0,0.0,1.0,0.26324993,0.13056996
58.0,0.0,1.0,0.0,0.0,0.24791497,0.17253792
20.0,1.0,1.0,0.0,3.0,0.16249663,0.013454519
18.0,0.0,1.0,0.0,0.0,0.2734732,0.009370556
28.0,2.0,0.0,0.0,2.0,0.28383106,0.051374957
33.0,2.0,1.0,0.0,1.0,0.30925477,0.066076465
19.0,1.0,0.0,0.0,1.0,0.26324993,0.02536299
45.0,0.0,1.0,1.0,2.0,0.3874092,0.98120373
62.0,3.0,1.0,1.0,1.0,0.40126443,0.7278107
25.0,1.0,0.0,0.0,3.0,0.13021249,0.033311434
43.0,0.0,1.0,1.0,3.0,0.3185364,0.58593285
42.0,2.0,1.0,1.0,0.0,0.23258,0.32143605
24.0,0.0,0.0,0.0,2.0,0.31638414,0.021432973
29.0,0.0,0.0,1.0,0.0,0.1584611,0.23932603
32.0,4.0,1.0,1.0,1.0,0.32714552,0.32483757
25.0,0.0,0.0,1.0,3.0,0.38310462,0.5232168
41.0,2.0,1.0,0.0,3.0,0.43691146,0.09184708
42.0,1.0,1.0,0.0,1.0,0.2785849,0.092883795
33.0,0.0,0.0,0.0,1.0,0.28880817,0.05506175
34.0,1.0,1.0,0.0,3.0,0.72477806,0.054500617
19.0,2.0,0.0,1.0,3.0,0.50417,0.5630728
30.0,3.0,0.0,1.0,1.0,0.20702177,0.2816346
18.0,1.0,1.0,0.0,0.0,0.33225715,0.1620222
19.0,0.0,0.0,0.0,3.0,0.124831855,0.009733712
18.0,0.0,1.0,0.0,2.0,1.0,0.00066384114
35.0,4.0,1.0,0.0,0.0,0.63895607,0.29330036
39.0,2.0,0.0,0.0,1.0,0.2785849,0.097046554
31.0,3.0,1.0,0.0,1.0,0.40637612,0.068687126
62.0,0.0,1.0,1.0,0.0,0.28880817,0.43064776
62.0,0.0,1.0,0.0,2.0,0.6152811,0.18930158
42.0,2.0,0.0,1.0,2.0,0.6567123,0.6827691
31.0,1.0,1.0,0.0,1.0,0.26836157,0.049769998
61.0,0.0,1.0,0.0,0.0,0.4728275,0.19188732
42.0,0.0,0.0,0.0,0.0,0.45493674,0.09462544
51.0,1.0,1.0,0.0,2.0,0.37853104,0.13178325
23.0,2.0,0.0,0.0,0.0,0.22235674,0.33957478
52.0,2.0,1.0,0.0,3.0,0.6090933,0.14690414
57.0,2.0,0.0,0.0,2.0,0.2631154,0.18368009
23.0,0.0,0.0,0.0,3.0,0.4691956,0.15441799
52.0,3.0,0.0,0.0,3.0,0.7732042,0.16424656
50.0,3.0,1.0,0.0,1.0,0.40382022,0.15129915
18.0,0.0,0.0,0.0,0.0,0.4293785,0.017304577
18.0,0.0,0.0,0.0,2.0,0.5620123,0.008108081
21.0,0.0,0.0,0.0,3.0,0.26472956,0.014143519
61.0,0.0,0.0,1.0,1.0,0.35270375,0.4472487
